subject_id,title,author,author_era_nationality,publisher,content_intro,translator,pages,cover_image,details_url
1007305,红楼梦,曹雪芹 著 / 高鹗,清,人民文学出版社,"《红楼梦》是一部百科全书式的长篇小说。以宝黛爱情悲剧为主线，以四大家族的荣辱兴衰为背景，描绘出18世纪中国封建社会的方方面面，以及封建专制下新兴资本主义民主思想的萌动。结构宏大、情节委婉、细节精致，人物形象栩栩如生，声口毕现，堪称中国古代小说中的经 典。
由红楼梦研究所校注、人民文学出版社出版的《红楼梦》以庚辰（1760）本《脂砚斋重评石头记》为底本，以甲戌（1754）本、已卯（1759）本、蒙古王府本、戚蓼生序本、舒元炜序本、郑振铎藏本、红楼梦稿本、列宁格勒藏本（俄藏本）、程甲本、程乙本等众多版本为参校本，是一个博采众长、非常适合大众阅读的本子；同时，对底本的重要修改，皆出校记，读者可因以了解《红楼梦》的不同版本状况。
红学所的校注本已印行二十五年，其间1994年曾做过一次修订，又十几年过去，2008年推出修订第三版，体现了新的校注成果和科研成果。
关于《红楼梦》的作者，原本就有多种说法及推想，“前八十回曹雪芹著、后四十回高鹗续”的说法只是其中之一，这次修订中校注者改为“前八十回曹雪芹著；后四十回无名氏续，程伟元、高鹗整理”，应当是一种更科学的表述，体现了校注者对这一问题的新的认识。
现在这个修订后的《红楼梦》是更加完善。",,1606,https://img1.doubanio.com/view/subject/l/public/s1070959.jpg,https://book.douban.com/subject/1007305/
4913064,活着,余华,,作家出版社,"《活着(新版)》讲述了农村人福贵悲惨的人生遭遇。福贵本是个阔少爷，可他嗜赌如命，终于赌光了家业，一贫如洗。他的父亲被他活活气死，母亲则在穷困中患了重病，福贵前去求药，却在途中被国民党抓去当壮丁。经过几番波折回到家里，才知道母亲早已去世，妻子家珍含辛茹苦地养大两个儿女。此后更加悲惨的命运一次又一次降临到福贵身上，他的妻子、儿女和孙子相继死去，最后只剩福贵和一头老牛相依为命，但老人依旧活着，仿佛比往日更加洒脱与坚强。
《活着(新版)》荣获意大利格林扎纳•卡佛文学奖最高奖项（1998年）、台湾《中国时报》10本好书奖（1994年）、香港“博益”15本好书奖（1994年）、第三届世界华文“冰心文学奖”（2002年），入选香港《亚洲周刊》评选的“20世纪中文小说百年百强”、中国百位批评家和文学编辑评选的“20世纪90年代最有影响的10部作品”。",,191,https://img9.doubanio.com/view/subject/l/public/s29869926.jpg,https://book.douban.com/subject/4913064/
24531956,哈利·波特,J.K.罗琳 (J.K.Rowling),,人民文学出版社,"《哈利·波特(共7册)(精)》编著者J.K.罗琳。
《哈利·波特(共7册)(精)》内容提要：2000年的一个深夜，在美国书店的烛光中，穿着黑斗篷，戴着小眼镜的店员开始销售“哈利o波特4”英文版，从此哈利·波特系列图书席卷全球，也是在这一年，简体中文版“哈利o波特”系列图书通过人民文学出版社引进版权登陆中国，作者J.K.罗琳用一种简单的魔法游戏将魔幻的故事传递给了中国乃至全球的青少年读者，与此同时商业电影的改编更是将这部魔幻题材的小说推向了巅峰。
截止到2013年，哈利·波特系列图书累计销量达到200多万套。
此次，人民文学出版社隆重推出《哈利o波特（精装本）》（全七册），此套精装珍藏版《哈利·波特》听取广大资深哈迷的心声，恢复选用陪伴广大哈迷十年之久深入人心的原有封面，并在此基础上提高工艺、完善装帧，配有独具匠心的精美函套，使哈利波特系列7本浑然一体，必将成为每一个喜欢哈利·波特读者爱不释手的珍藏！
《哈利·波特与魔法石》
一岁的哈利·波特失去父母后，神秘地出现在姨父姨妈家的门前。哈利在姨父家饱受欺凌，度过十年极其痛苦的日子。姨父和姨妈好似凶神恶煞，他们那混世魔王儿子达力--一个肥胖、娇惯、欺负人的大块头，更是经济对哈利拳脚相加。哈利的“房间”是位于楼梯口的一个又暗又小的碗橱。十年来，从来没有人为他过过生日。
但是在他十一岁生日那天，一切都发生了变化，信使猫头鹰带来了一封神秘的信：邀请哈利去一个他--以及所有读到哈利故事的人--会觉得望远难忘的、不可思议的地方--霍格沃茨魔法学校。
在魔法学校，哈利不仅找着了朋友，学会了空中飞行，骑着一把型号为光轮2000的飞天扫帚打魁地奇球，还得到了一件隐形衣。他发现那里的一切--从上课到吃饭到睡觉都充满了魔力，但是一块魔石出现，它与哈利的命运息息相关……
《哈利·波特与密室》
哈利·波特在霍格沃茨魔法学校学习一年之后，暑假开始了。他在姨父姨妈家熬过痛苦的假期。正当他准备打点行装去学校时，小精灵多比前来发出警告：如果哈利返回霍格沃茨，灾难将会临头。
但哈利义无返顾地回到了霍格沃茨，新来的吉罗德·洛哈特教授装腔作势，让他作呕；游荡在女生舆洗室里的幽灵“哭泣的桃金娘”搅得他不得安宁；低年级的小女生金妮对他投来关切目光常令他尴尬不已；小男生科林·克里维“追星”式的跟踪又经常使他落荒而逃。
但是，这一切仅仅是灾难的序曲。正如多比所预言的，哈利遭受了重重磨难，经历了种种危险，难解之谜又使他煞费苦心：霍格沃茨的学生接二连三地变成了石头。这一切是品德败坏的学生德拉科·马尔福精心策划的杰作？还是忠厚善良的海格无心铸成的大错？或者另有人将在霍格沃茨制造更大的阴谋？这一切又是否与传说中的密室有关？哈利决心揭开谜底……
《哈利·波特与阿兹卡班的囚徒》
哈利·波特在霍格沃茨魔法学校已经度过了不平凡的两年，而且早已听说魔法世界中有一座守备森严的阿兹卡班监狱，里面关押着一个臭名昭著的囚徒，名字叫小天狼星布莱克。传言布莱克是“黑魔法”高手伏地魔--杀害哈利父母的凶手--的忠实信徒，曾经用一句魔咒接连结束了十三条性命。不幸的是，布莱克逃出了阿兹卡班，一心追寻哈利。布莱克在睡梦中仍然呓语不休：“他在霍格沃茨……他在霍格沃茨。”
哈利·波特虽然身在魔法学校的城堡内，既有朋友的赤诚帮助，也有老师的悉心呵护，但校园内危机四伏，哈利的生命时时受到威胁。一天，布莱克终于站到了哈利的面前……
《哈利·波特与火焰杯》
哈利·波特在霍格沃茨魔法学校经过三年的学习和磨炼，逐渐成长为一个出色的巫师。新学年开始前，哈利和好朋友罗恩，赫敏一起去观看精彩的魁地奇世界杯赛，无意间发现了消失十三年的黑魔标记。哈利的心头笼上了一团浓重的阴云，但三个少年依然拥有他们自己的伊甸园。然而，少男少女的心思是那样难以捉摸，三人之间的美好友情竟是那样一波三折，忽晴忽雨……哈利渴望与美丽的秋·张共同走进一个美丽的故事，但这个朦朦胧胧的憧憬却遭受了小小的失意。他要做一个普普通通的四年级魔法学生，可不幸的是，哈利注定永远都不可能平平常常--即使拿魔法界的标准来衡量。黑魔的阴影始终挥之不去，种种暗藏杀机的神秘事件将哈利一步步推向了伏地魔的魔爪。哈利渴望在百年不遇的三强争霸赛中战胜自我，完成三个惊险艰巨的魔法项目，谁知整个竞赛竟是一个天大的黑魔法阴谋……
《哈利·波特与凤凰社》
漫长的暑假，哈利·波特被困在女贞路4号，意外地遭到摄魂怪的袭击……逃过一劫的哈利被护送到伦敦一个秘密的地方，在那里他见了自己的教父小天狼星布莱克、前任黑魔法防御术课教师卢平、疯眼汉穆迪以及他的朋友赫敏和罗恩。他只是知道邓布利多与凤凰社成员正在加紧秘密活动，以对抗日益强大的伏地魔。但是，所有的人都不愿向他透露更多的情况……
哈利在茫然与愤怒中来到霍格沃茨，然而令他不解的是，邓布利多不愿见他，海格不知去向。更糟糕的是，哈利越来越频繁地在梦中看见一道长长的走廊，每当他快要走进长廊尽头的一扇门时，他都会头痛欲裂地从梦中惊醒，觉得自己身体里蠕动着一条大蛇……
魔法部派来了一位专横跋扈的高级调查官，对学校各项事务横加干涉，并最终赶走了邓布利多校长，打伤了麦格教授，整个学校笼罩在一片混乱和压抑之中……
大蛇的影子在哈利的脑海里越来越清晰，伏地魔走近了哈利……这时，邓布利多告诉他一个天大的秘密……
《哈利·波特与“混血王子”》
仲夏的一个夜晚，反常的浓雾笼罩在窗户玻璃上，哈利·波特在女贞路4号德思礼家自己的卧室里紧张地等待着邓布利多教授的来访。
哈利不太确定邓布利多是否真的会来德思礼家。邓布利多为什么现在要来看他呢？几个星期之后，他就要返校，邓布利多为什么不能等一等呢？哈利六年级的学习似乎就这样出人意料地提前开始了……
而更加出人意料的事情还在接踵而至：邓布利多终于让斯内普教授如愿以偿，任命其担任黑魔法防御术课教师……哈利从教室的储藏柜里翻到一本魔药课本，它的前任主人是“混血王子”，从此哈利在神秘“王子”的帮助下成为“魔药奇才”……邓布利多开始了给哈利的单独授课，但奇怪的是，邓布利多却经常离开学校外出……在邓布利多的课上，哈利经历了几段关于少年伏地魔的惊心动魄的记忆，揭示了伏地魔不同寻常的身世之谜……
哈利隐隐觉得这一学期期内普教授和马尔福的关系发生了微妙变化，其中似乎别有一番隐情，而马尔福更是行踪诡秘……哈利试图揭穿马尔福的阴谋，但始终没有成功，直到马尔福把食死徒引进学校，斯内普对邓布利多校长举起了魔杖……
《哈利·波特与死亡圣器》
还有四天，哈利就要迎来自己十七岁的生日，成为一名真正的魔法师。然而，他不得不提前离开女贞路4号，永远离开这个他曾经生活过十六年的地方。
凤凰社的成员精心谋划了秘密转移哈利的计划，以防哈利遭到伏地魔及其追随者食死徒的袭击。然而，可怕的意外还是发生了……
与此同时，卷土重来的伏地魔已经染指霍格沃茨魔法学校，占领了魔法部，控制了半个魔法界，形势急转直下……
哈利在罗恩、赫敏的陪伴下，不得不逃亡在外，隐形遁迹。为了完成校长邓布利多的遗命，一直在暗中寻机销毁伏地魔魂器的哈利，意外地获悉如果他们能够拥有传说中的三件死亡圣器，伏地魔将必死无疑。但是，伏地魔也早已开始了寻找死亡圣器的行动，并派出众多食死徒，布下天罗地网追捕哈利……
哈利与伏地魔在魔法学校的禁林中遭遇了，哈利倒在伏地魔抢先到手的一件致命的圣器之下……
然而，伏地魔未能如愿以偿，死亡圣器不可能战胜纯正的灵魂。哈利赢得了这场殊死较量的最终胜利……",苏农 / 马爱农 / 马爱新,3104,https://img9.doubanio.com/view/subject/l/public/s29101586.jpg,https://book.douban.com/subject/24531956/
4820710,1984,乔治·奥威尔,英,北京十月文艺出版社,"★村上春树以《1Q84》向本书致敬
★著名学者刘绍铭经典译本内地首次出版
★62种文字风靡110个国家，全球销量超过5000万册
★《时代周刊》“最好的100本英语小说”
★兰登书屋“100本20世纪最佳英语小说”
★入选英美中学生必读书书目
1936年以来，我所写的每 一部严肃作品，都是直接或间接地反对极权主义，支持我所理解的民主社会主义。 ——乔治•奥威尔（《我为何写作》）
《1984》是一部杰出的政治寓言小说，也是一部幻想小说。作品刻画了人类在极权主义社会的生存状态，有若一个永不褪色的警示标签，警醒世人提防这种预想中的黑暗成为现实。历经几十年，其生命力益显强大，被誉为20世纪影响最为深远的文学经典之一。",刘绍铭,304,https://img1.doubanio.com/view/subject/l/public/s4371408.jpg,https://book.douban.com/subject/4820710/
6518605,三体全集 : 地球往事三部曲,刘慈欣,,重庆出版社,"《地球往事·三体》
文化大革命如火如荼进行的同时，军方探寻外星文明的绝秘计划“红岸工程”取得了突破性进展。但在按下发射键的那一刻，历经劫难的叶文洁没有意识到，她彻底改变了人类的命运。
地球文明向宇宙发出的第一声啼鸣，以太阳为中心，以光速向宇宙深处飞驰……
四光年外，“三体文明”正苦苦挣扎——三颗无规则运行的太阳主导下的百余次毁灭与重生逼迫他们逃离母星。而恰在此时，他们接收到了地球发来的信息。
在运用超技术锁死地球人的基础科学之后，三体人庞大的宇宙舰队开始向地球进发……人类的末日悄然来临。
《地球往事·黑暗森林》
三体人在利用魔法般的科技锁死了地球人的科学之后，庞大的宇宙舰队杀气腾腾地直扑太阳系，意欲清除地球文明。
面对前所未有的危局，经历过无数磨难的地球人组建起同样庞大的太空舰队，同时，利用三体人思维透明的致命缺陷，制订了神秘莫测的“面壁计划”，精选出四位“面壁者”。秘密展开对三体人的反击。
三体人自身虽然无法识破人类的诡谲计谋，却依靠由地球人中的背叛者挑选出的“破壁人”，与“面壁者”展开智慧博弈……
“面壁计划”究竟能否成功？地球人究竟能否在这场你死我活的文明生存竞争中战而胜之？神秘的“黑暗森林”究竟意味着什么？
《地球往事·死神永生》
与三体文明的战争使人类第一次看到了宇宙黑暗的真相，地球文明像一个恐惧的孩子，熄灭了寻友的篝火，在暗夜中发抖。自以为历经沧桑，其实刚刚蹒跚学步；自以为悟出了生存竞争的秘密，其实还远没有竞争的资格。使两个文明命悬一线的黑暗森林打击，不过是宇宙战场上的一个微不足道的插曲，一个在战场上乱跑的无知孩童被堑壕中的狙击手射杀，仅此而已。真正的星际战争没人见过，也不可能见到。因为战争的方式和武器已经远超出人类的想象，目睹战场之日，就是灭亡之时。人类没有想到，面对这巨大的存在，从社会学的结论，却可以推导出宇宙学的结果。宇宙的田园时代已经远去，那时，万物的终极之美曾昙花一现，现在已经变成任何大脑和智慧体都无法做出的梦，变成游吟诗人飘渺的残歌；宇宙的物竞天择已到了最惨烈的时刻，在亿万光年暗无天日的战场上，深渊最底层的毁灭力量被唤醒，太空变成了死神广阔的披风。太阳系中的人们永远不会知道这一切，最后面对真相的，只有两双眼睛。",,1285,https://img9.doubanio.com/view/subject/s/public/s28357056.jpg,https://book.douban.com/subject/6518605/
6082808,百年孤独,加西亚·马尔克斯,哥伦比亚,南海出版公司,《百年孤独》是魔幻现实主义文学的代表作，描写了布恩迪亚家族七代人的传奇故事，以及加勒比海沿岸小镇马孔多的百年兴衰，反映了拉丁美洲一个世纪以来风云变幻的历史。作品融入神话传说、民间故事、宗教典故等神秘因素，巧妙地糅合了现实与虚幻，展现出一个瑰丽的想象世界，成为20世纪最重要的经典文学巨著之一。1982年加西亚•马尔克斯获得诺贝尔文学奖，奠定世界级文学大师的地位，很大程度上乃是凭借《百年孤独》的巨大影响。,范晔,360,https://img1.doubanio.com/view/subject/l/public/s27237850.jpg,https://book.douban.com/subject/6082808/
1068920,飘,玛格丽特·米切尔,美国,译林出版社,"小说中的故事发生在1861年美国南北战争前夕。生活在南方的少女郝思嘉从小深受南方文化传统的熏陶，可在她的血液里却流淌着野性的叛逆因素。随着战火的蔓廷和生活环境的恶化，郝思嘉的叛逆个性越来越丰满，越鲜明，在一系列的的挫折中她改造了自我，改变了个人甚至整个家族的命运，成为时代时势造就的新女性的形象。
作品在描绘人物生活与爱情的同时，勾勒出南北双方在政治，经济，文化各个层次的异同，具有浓厚的史诗风格，堪称美国历史转折时期的真实写照，同时也成为历久不衰的爱情经典。",李美华,1235,https://img1.doubanio.com/view/subject/l/public/s1078958.jpg,https://book.douban.com/subject/1068920/
2035179,动物农场,乔治·奥威尔,英,上海译文出版社,"《动物农场》是奥威尔最优秀的作品之一，是一则入木三分的反乌托的政治讽喻寓言。
农场的一群动物成功地进行了一场“革命”，将压榨他们的人类东家赶出农场，建立起一个平等的动物社会。然而，动物领袖，那些聪明的猪们最终却篡夺了革命的果实，成为比人类东家更加独裁和极权的统治者。",荣如德,119,https://img1.doubanio.com/view/subject/l/public/s2347590.jpg,https://book.douban.com/subject/2035179/
1019568,三国演义（全二册）,罗贯中,明,人民文学出版社,"《三国演义》又名《三国志演义》、《三国志通俗演义》，是我国小说史上最著名最杰出的长篇章回体历史小说。 《三国演义》的作者是元末明初人罗贯中，由毛纶，毛宗岗父子批改。在其成书前，“三国故事”已经历了数百年的历史发展过程。在唐代，三国故事已广为流传，连儿童都很熟悉。随着市民文艺的发展，宋代的“说话”艺人，已有专门说三国故事的，当时称为“说三分”。元代出现的《三国志平话》，实际上是从说书人使用的本子，虽较简略粗糙，但已初肯《三国演义》的规模。罗贯中在群众传说和民间艺人创作的基础上，又依据陈寿《三国志》及裴松之注中所征引的资料（还包括《世说新语》及注中的资料），经过巨大的创作劳动，写在了规模宏伟的巨著——《三国志通俗演义》全书24卷，240回。后来经过毛纶，毛宗岗父子批改，形成我们现在所见的《三国演义》120回版
由于人文出版社选取的毛批版本和明嘉靖版的《三国志通俗演义》颇有出入，将拥刘抑曹的思想发展到一个几乎病态的角度，且大量地删除了原文中赞扬曹操一方人物的诗词和评论，所以给世人造成一种三国演义打击曹操、歌颂刘备的错误印象，且该批改版将刘备一方无限神化，甚至将诸葛亮准备将魏延烧死在上方谷这样的情节统统删除，将诸葛说成是一个完美近乎神人的形象，这是大家阅读时候值得注意的地方。
由于该版本选用的是毛批改版，而且没有将毛家父子的批语选入，就会给人造成一种错觉，认为该版本和毛批本是不相同的，其实本书和毛批本完全一致，不过是删除了批语部分，加入了编者的注脚。请读者朋友们阅读时注意",,990,https://img3.doubanio.com/view/subject/l/public/s1024407.jpg,https://book.douban.com/subject/1019568/
27614904,房思琪的初恋乐园,林奕含,,北京联合出版公司,"令人心碎却无能为力的真实故事。
向死而生的文学绝唱 打动万千读者的年度华语小说。
李银河 戴锦华 骆以军 张悦然 詹宏志 蒋方舟 等多位学者作家社会名人郑重推荐。
痛苦的际遇是如此难以分享，好险这个世界还有文学。
我下楼拿作文给李老师改。他掏出来，我被逼到 涂在墙上。老师说了九个字：“不行的话，嘴巴可以吧。”我说了五个字：“不行，我不会。”他就塞进来。那感觉像溺水。可以说话之后，我对老师说：“对不起。”有一种功课做不好的感觉。
小小的房思琪住在金碧辉煌的人生里，她的脸和她可以想象的将来一样漂亮。补习班语文名师李国华是同一栋高级住宅的邻居。崇拜文学的小房思琪同样崇拜饱读诗书的李老师。
有一天李老师说，你的程度这么好，不如每个礼拜交一篇作文给我吧，不收你周点费。思琪听话地下楼了。老师在家里等她，桌上没有纸笔。
思琪的初恋是李老师。因为李老师把她翻面，把他的东西塞进去。那年的教师节思琪才十三岁，这个世界和她原本认识的不一样。 如果这是爱情，为什么觉得暴力？为什么觉得被折断？为什么老师要一个女学生换过一个女学生？如果这不是爱情，那满口学问的李老师怎么能做了以后，还这么自信、无疑、无愧于心？
故事必须重新讲过，与房思琪情同双胞的刘怡婷，接到警局通知，去带回神志不清，被判定疯了的房思琪。透过思琪的日记，怡婷得知思琪五年中的所见所思……
嫁入钱家的许伊纹，是两位少女的忘年交，二十余岁的她，是两位少女的文学启蒙者同时也是丈夫家暴的沉默受害者…… 升入大学后的郭晓奇仍旧爱着高中时的补习教师李国华，而这位文质彬彬的补习教师并不只有平时人们眼中受人尊敬的老师形象的一面……
这是一部惊人而特别的小说，小说作者既具有高度敏锐的感受力、又是一个近距离目击者，使这整件事像一个“幸存的标本”那样地被保留下来。整本书反覆地、用极度贴近被侵害者的视角，直直逼视那种“别人夺去你某个珍贵之物”的痛苦──且掠夺之人是以此为乐。",,272,https://img2.doubanio.com/view/subject/l/public/s29651121.jpg,https://book.douban.com/subject/27614904/
1040211,福尔摩斯探案全集（上中下）,阿·柯南道尔,英,群众出版社,最经典的群众出版社的翻译版本，一经出版，立即风靡成千上万的中国人。离奇的情节，扣人的悬念，世界上最聪明的侦探，人间最诡秘的案情，福尔摩斯不但让罪犯无处藏身，也让你的脑细胞热情激荡，本套书获第一届全国优秀外国文学图书奖。,丁钟华 等,531,https://img1.doubanio.com/view/subject/l/public/s1229240.jpg,https://book.douban.com/subject/1040211/
10554308,白夜行,东野圭吾,日,南海出版公司,"东野圭吾万千书迷心中的无冕之王
周刊文春推理小说年度BEST10第1名
本格推理小说年度BEST10第2名
《白夜行》是东野圭吾迄今口碑最好的长篇杰作，具备经典名著的一切要素：
一宗离奇命案牵出跨度近20年步步惊心的故事：悲凉的爱情、吊诡的命运、令人发指的犯罪、复杂人性的对决与救赎……
-------------------------------------------------------------------
1973年，大阪的一栋废弃建筑中发现一名遭利器刺死的男子。案件扑朔迷离，悬而未决。
此后20年间，案件滋生出的恶逐渐萌芽生长，绽放出恶之花。案件相关者的人生逐渐被越来越重的阴影笼罩……
“我的天空里没有太阳，总是黑夜，但并不暗，因为有东西代替了太阳。虽然没有太阳那么明亮，但对我来说已经足够。
凭借着这份光，我便能把黑夜当成白天。
我从来就没有太阳，所以不怕失去。”
“只希望能手牵手在太阳下散步”，这句象征本书故事内核的绝望念想，有如一个美丽的幌子，随着无数凌乱、压抑、悲凉的事件片段如纪录片一样一一还原，最后一丝温情也被完全抛弃，万千读者在一曲救赎罪恶的爱情之中悲切动容。",刘姿君,538,https://img1.doubanio.com/view/subject/l/public/s24514468.jpg,https://book.douban.com/subject/10554308/
20424526,邓小平时代,傅高义 (Ezra.F.Vogel),美,生活·读书·新知三联书店,"邓小平深刻影响了中国历史和世界历史的走向，也改变了每一个当代中国人的命运。解读邓小平的政治生涯及其行为逻辑，就是解读当代中国，解读个人命运背后的历史变局。
哈佛大学傅高义教授倾十年心力完成的巨著《邓小平时代》，是对邓小平跌宕起伏的一生以及中国惊险崎岖的改革开放之路的全景式描述。作者以丰富的史料、国内外重要的研究成果、档案资料和为数众多的独家访谈为基础，对邓小平个人性格及执政风格进行了深层分析，并对中国改革开放史进行了完整而独到的阐释。全书人物、事件众多，既有对毛泽东、周恩来、邓小平、陈云等人相互关系的细致解读，又有对三中全会、权力过渡、中美建交、政改试水、经济特区、一国两制、九二南巡等重大事件和决策的深入分析。全书持论严谨、脉络清晰、观点鲜明、叙述生动，力图使人物言行符合历史情境，对改革开放的历史进程亦时有独特看法，引人深思，被誉为邓小平研究“纪念碑式”的著作。
读懂《邓小平时代》，读懂这段历史，读懂“仍然生活在邓小平时代”的我们自己的现在和未来。",冯克利,754,https://img3.doubanio.com/view/subject/l/public/s24516687.jpg,https://book.douban.com/subject/20424526/
1449351,呐喊,鲁迅,,人民文学出版社,《呐喊》收录作者1918年至1922年所作小说十四篇。1923年8月由北京新潮社出版，原收十五篇，列为该社《文艺丛书》之一。1924年5月第三次印刷时起，改由北京北新书局出版，列为作者所编的《乌合丛书》之一。1930年1 月第十三次印刷时，由作者抽去其中的《不周山》一篇(后改名为《补天》，收入《故事新编》)。作者生前共印行二十二版次。,,160,https://img9.doubanio.com/view/subject/l/public/s34099286.jpg,https://book.douban.com/subject/1449351/
1084336,小王子,安东尼·德·圣-埃克苏佩里,法国,人民文学出版社,"小王子是一个超凡脱俗的仙童，他住在一颗只比他大一丁点儿的小行星上。陪伴他的是一朵他非常喜爱的小玫瑰花。但玫瑰花的虚荣心伤害了小王子对她的感情。小王子告别小行星，开始了遨游太空的旅行。他先后访问了六个行星，各种见闻使他陷入忧伤，他感到大人们荒唐可笑、太不正常。只有在其中一个点灯人的星球上，小王子才找到一个可以作为朋友的人。但点灯人的天地又十分狭小，除了点灯人他自己，不能容下第二个人。在地理学家的指点下，孤单的小王子来到人类居住的地球。
小王子发现人类缺乏想象力，只知像鹦鹉那样重复别人讲过的话。小王子这时越来越思念自己星球上的那枝小玫瑰。后来，小王子遇到一只小狐狸，小王子用耐心征服了小狐狸，与它结成了亲密的朋友。小狐狸把自己心中的秘密——肉眼看不见事务的本质，只有用心灵才能洞察一切——作为礼物，送给小王子。用这个秘密，小王子在撒哈拉大沙漠与遇险的飞行员一起找到了生命的泉水。最后，小王子在蛇的帮助下离开地球，重新回到他的B612号小行星上。
童话描写小王子没有被成人那骗人的世界所征服，而最终找到自己的理想。这理想就是连结宇宙万物的爱，而这种爱又是世间所缺少的。因此，小王子常常流露出一种伤感的情绪。作者圣埃克絮佩里在献辞中说：这本书是献给长成了大人的从前那个孩子。
《小王子》不仅赢得了儿童读者，也为成年人所喜爱，作品凝练的语言渗透了作者对人类及人类文明深邃的思索。它所表现出的讽刺与幻想，真情与哲理，使之成为法国乃至世界上最为著名的一部童话小说。",马振骋,97,https://img1.doubanio.com/view/subject/l/public/s1237549.jpg,https://book.douban.com/subject/1084336/
1046209,安徒生童话故事集,安徒生,丹麦,人民文学出版社,"安徒生是丹麦19世纪著名童话作家，世界文学童话创始人。他生于欧登塞城一个贫苦鞋匠家庭，早年在慈善学校读过书，当过学徒工。受父亲和民间口头文学影响，他自幼酷爱文学。
“为了争取未来的一代”，安徒生决定给孩子写童话，出版了《讲给孩子们听的故事》。此后数年，每年圣诞节都出版一本这样的童话集。其后又不断发表新作，直到1872年因患癌症才逐渐搁笔。近40年间，共计写了童话168篇。
安徒生的创作可分早、中、晚三个时期。早期童话多充满绮丽的幻想、乐观的精神，体现现实主义和浪漫主义相结合的特点。代表作有《打火匣》、《小意达的花儿》、《拇指姑娘》、《海的女儿》、《野天鹅》、《丑小鸭》等。中期童话，幻想成分减弱，现实成分相对增强。在鞭挞丑恶、歌颂善良中，表现了对美好生活的执着追求，也流露了缺乏信心的忧郁情绪。代表作有《卖火柴的小女孩》、《白雪皇后》、《影子》、《一滴水》、《母亲的故事》、《演木偶戏的人》等。晚期童话比中期更加面对现实，着力描写底层民众的悲苦命运，揭露社会生活的阴冷、黑暗和人间的不平。作品基调低沉。代表作有《柳树下的梦》、《她是一个废物》、《单身汉的睡帽》、《幸运的贝儿》等。",叶君健,550,https://img3.doubanio.com/view/subject/l/public/s1034062.jpg,https://book.douban.com/subject/1046209/
1060068,撒哈拉的故事,三毛,,哈尔滨出版社,三毛作品中最脍炙人口的《撒哈拉的故事》，由12篇精彩动人的散文结合而成，其中《沙漠中的饭店》，是三毛适应荒凉单调的沙漠生活后，重新拾笔的第一篇文字，自此之后，三毛便写出一系列以沙漠为背景的故事，倾倒了全世界的中文读者。,,217,https://img3.doubanio.com/view/subject/l/public/s1369343.jpg,https://book.douban.com/subject/1060068/
25887924,卡拉马佐夫兄弟,陀思妥耶夫斯基 (Ф.М.Достоевский),,上海译文出版社,本书系俄国大作家陀思妥耶夫斯基代表作之一。小说通过一桩真实的弑父案，描写老卡拉马佐夫同三个儿子即两代人之间的尖锐冲突。老卡拉马佐夫贪婪好色，独占妻子留给儿子们的遗产，并与长子德米特里为一个风流女子争风吃醋。一天黑夜，德米特里疑心自己的情人去跟老头儿幽会，便闯入家园，一怒之下，差点儿把老头儿砸死。他仓皇逃离后，躲在暗中装病的老卡拉马佐夫的私生子斯乜尔加科夫，悄然杀死老爷，造成了一桩震惊全俄的扑朔迷离的血案，从而引发了一连串惊心动魄的事件。作品展示一个错综复杂的社会家庭、道德和人性的悲剧主题，体现了作家一生的最高艺术成就。,荣如德,985,https://img9.doubanio.com/view/subject/l/public/s34711695.jpg,https://book.douban.com/subject/25887924/
1255625,天龙八部,金庸,,生活·读书·新知三联书店,天龙八部乃金笔下的一部长篇小说，与《射雕》，《神雕》等 几部长篇小说一起被称为可读性最高的金庸小说。《天龙》的故事情节曲折，内容丰富，也曾多次被改编为电视作品。是金庸作品中集大成的一部。故事以北宋末年动荡的社会环境为背景，展开波澜壮阔的历史画卷，塑造了乔峰、段誉、 虚竹、慕容复等形象鲜明的人物，成为武侠史上的经典之作。故事精彩纷呈，人物命运悲壮多变，是可读性很强的作品，具有震撼人心的力量,,1978,https://img9.doubanio.com/view/subject/l/public/s26018275.jpg,https://book.douban.com/subject/1255625/
30172069,失踪的孩子 : 那不勒斯四部曲4,埃莱娜·费兰特,意,人民文学出版社,"“我的整个生命，只是一场为了提升社会地位的低俗斗争。”
全球畅销近千万册被翻译成40多种语言
《我的天才女友》《新名字的故事》《离开的，留下的》——
那不勒斯四部曲NO.4令人欲罢不能的大结局
穷尽友谊对一个人最极致的塑造
《失踪的孩子》是“那不勒斯四部曲”的第四部，小说聚焦了莉拉和埃莱娜（“我”）的壮年和晚年，为她们持续了五十多年的友谊划上了一个令人心碎的句号。
“我”为了爱情和写作，离开丈夫带着两个女儿回到了那不勒斯，不可避免地与莉拉，还有我曾想要逃离的城区再度变得亲密。“我”和莉拉甚至在同一年怀孕、生子，并经历了恐怖残暴的那不勒斯大地震，一切都分崩离析，一切又将被重建。
“我”在不自觉中卷入莉拉秘密的企图——她希望利用我的名声和写作技巧来对抗城区陈腐而猖獗的恶势力。但在经历了生命最恐怖的打击之后，莉拉选择以一种怪异夸张的方式在城区彻底将自己流放。
而“我”也将以惊人的韧性和诚实面对写作、爱情、家庭的失败。在经历了多年的自我怀疑之后，“我”决定忤逆（罔顾？）莉拉的告诫，将“我”和她一生的友谊写成一本小说，却招来了最深的背叛……",陈英,480,https://img1.doubanio.com/view/subject/s/public/s29799269.jpg,https://book.douban.com/subject/30172069/
26986954,新名字的故事 : 那不勒斯四部曲2,埃莱娜·费兰特,意,人民文学出版社,"只有你身为女人 才会知道这些丑陋的秘密
两个女人 50年的友谊和战争
如何成为那个更强大的她，又不被她战胜
那不勒斯四部曲NO.2
《我的天才女友》后续， 意大利最神秘的作家费兰特
探索青年时代的激情、困惑、挣扎、背叛和失去
全球畅销近千万册 被翻译成40多种语言
-------------------------
《新名字的故事》是埃莱娜·费兰特的“那不勒斯四部曲”的第二部，描述了埃莱娜和莉拉的青年时代。在她们的人生以最快的速度急遽分化的那些年里，她们共同体验了爱、失去、困惑、挣扎、嫉妒和隐蔽的破坏。
莉拉在结婚当天就发现婚姻根本不是她想象的那样，她的初夜几乎是一场强奸。她带着一种强大的破坏欲介入了斯特凡诺的家族生意，似乎成为了她和埃莱娜小时候都想成为的那种女人。久未有身孕的莉拉，和埃莱娜去海边度假休养。而在伊斯基亚岛的那个夏天，改变了所有人的一生……
出于对莉拉所拥有的爱情的愤怒，“我”（埃莱娜）奋力摆脱这个破败、暴力、充满宿仇的街区。“我”成了街区的第一个大学生，并和一个高级知识分子家庭的男孩订婚，甚至出版了第一本小说。“我”以胜利者的形象回到那不勒斯，却发现告别了丑陋婚姻的莉拉，在一家肉食加工厂备受屈辱地打工。
当“我”发现自己的小说，其实完全窃取了莉拉交托给“我”的秘密笔记本里那些独特的力量和灵感，“我”被迫面临一个极度痛苦的问题：“我”和莉拉，到底谁离开了，又是谁留下了？
--------------------------------
无论是生活还是小说中，一段友谊里，更强大、性格更丰富的那个人会让软弱的那个人的形象变得模糊。但是在埃莱娜和莉拉的关系中，处于弱势的埃莱娜，从自身的从属位置中获得了某种才智——那让莉拉失去了方向，心晕目眩。这种过程很难描述，但也正是这一点让我着迷。可以这么说：在莉拉和埃莱娜的生命中，有很多事件显示了一个人如何从另一人身上汲取力量。但要记住这一点：这不仅表现在她们帮助彼此的层面上，同样也体现为她们互相洗劫，从对方身上窃取情感和知识，消耗对方的力量。
——埃莱娜•费兰特答意大利《晚邮报》采访（2011）
那不勒斯四部曲精彩而又持久地探索了嫉妒——这种最为致命的情感，因它有时候会将自己伪装成爱。
——《纽约书评》
关于女性友谊和命运的意大利史诗……在荷马和奥维德之后，我们第一次有了一个女性史诗作者。
——《大西洋月刊》
费兰特的行文如此清澈，她的叙述如此率真，摄人心魄，引人入胜。——《经济学人》
对于费兰特而言，小说的首要目的，就是就搅动那些感染的、敞开的伤口，捅开它，让你意识到自己的伤口在哪里，这伤口又从何而来。
——《洛杉矶书评》
埃莱娜必须挣脱她从小要面对的那些令人难以忍受的价值，抵抗世俗意义上的成功的诱惑，并从莉拉身上获得知识和力量，却又不能被她压倒……现代小说中对友谊最丰富的描写。
——NPR
每个人都应该看有埃莱娜·费兰特署名的任何文字。
——《波士顿环球报》",陈英,492,https://img9.doubanio.com/view/subject/l/public/s29376146.jpg,https://book.douban.com/subject/26986954/
6781808,杀死一只知更鸟,哈珀·李,美,译林出版社,"成长总是个让人烦恼的命题。成长有时会很缓慢，如小溪般唱着叮咚的歌曲趟过，有时却如此突如其来，如暴雨般劈头盖脸……三个孩子因为小镇上的几桩冤案经历了猝不及防的成长——痛苦与迷惑，悲伤与愤怒，也有温情与感动。这是爱与真知的成长经典。
《杀死一只知更鸟》获1961年普利策奖。
美国图书馆借阅率最高的书，英国青少年最喜爱的小说之一。
美国中学推荐课外读物。
由小说改编的电影获第25届奥斯卡三项大奖。
美国电影协会评选的“100名银幕英雄与恶人”中，派克主演的芬奇律师名列英雄第一位。
作为史上最受喜爱的小说之一，《杀死一只知更鸟》已获得显赫声誉。它赢得过普利策奖，被翻译成四十多种语言，在世界范围内售出超过三千万册，并曾被拍成，备受欢迎的电影。
——哈珀•柯林斯出版集团
斯塔尔六月对北卡罗来纳州律师协会发表演说时，自比为《杀死一只知更鸟》中勇敢的南方白人律师阿蒂克斯•芬奇。斯塔尔凭着他的道德优越感，不把规则、秩序和正直放在眼里，这样一个人居然自比为芬奇，实在令我和比尔难以忍受。
——希拉里•克林顿
年轻时看过《梅岗城故事》（即《杀死一只知更鸟》），对片中法律人为弱势者争取权益奋斗，为恶法非法或恶法亦法辩论的故事感到澎湃不已，更加确定要成为法律人的心愿。
——许宗力（台大法学院院长）",高红梅,346,https://img3.doubanio.com/view/subject/l/public/s23128183.jpg,https://book.douban.com/subject/6781808/
3674537,明朝那些事儿（1-9） : 限量版,当年明月,,中国海关出版社,《明朝那些事儿》讲述从1344年到1644年，明朝三百年间的历史。作品以史料为基础，以年代和具体人物为主线，运用小说的笔法，对明朝十七帝和其他王公权贵和小人物的命运进行全景展示，尤其对官场政治、战争、帝王心术着墨最多。作品也是一部明朝政治经济制度、人伦道德的演义。,,16,https://img9.doubanio.com/view/subject/l/public/s3745215.jpg,https://book.douban.com/subject/3674537/
1915958,野草,鲁迅,,人民文学出版社,"本书所收散文诗23篇〔包括一首打油诗和一出诗剧〕，最初都曾陆续发表于1924年12月至1926年1月的《语丝》周刊上，《题辞》最初也曾发表于1927年7月2日出版的《语丝》第138期，发表时署名均为鲁迅。
本书于于年1927年4月由作者亲自编定，同年7月由上海北新书局初版印行列为作者所编的《乌合丛书》之一。此后印行的版本，除个别字和标点有所不同外，各篇文字大都和初版相同。《题辞》在本书最初的几次印刷都曾印入；后来被国民党政府书报检查机关抽去〔鲁迅在1935年11月23日致邱遇信和1936年2月19日致夏传经信中，均提及此事〕，至1941年上海鲁迅全集出版社出版《鲁迅三十年集》时才重新收入。《野草》的封面画系孙福熙所作，初版封面题字署“鲁迅先生”，后按鲁迅意思改为“鲁迅著”，鲁迅在1927年12月9日夜致章廷谦信中曾提及此事。
鲁迅写作《野草》时，适值“五四”退潮，正如作者在《〈自选集〉自序》〔《南腔北调集》〕中所说：“后来《新青年》的团体散掉了，有的高升，有的退隐，有的前进，我又经验了一回同一战阵中的伙伴还是会这么变化”，在这种情况下，“有了小感触，就写些短文，夸大点说，就是散文诗，以后印成一本，谓之《野草》。”编成本书的时候，如《题辞》篇末所记，正在蒋介石发动“四·一二”清党的稍后。
关于本书各篇作品，作者在1931年曾为本书的英译本写过一篇短序，作了一些说明，收在《二心集》中。在1934年10月9日致萧军信中，鲁迅谈到《野草》时说：“我的那本《野草》，技术不算坏，但心情太颓唐了，因为那是我碰了许多钉子之后写出来的”。在《华盖集续编·海上通信》中说：“至于《野草》，此后做不做很难说，大约是不见得再做了，省得人来谬托知己，舐皮论骨，什么是‘入于心’的。”",,62,https://img2.doubanio.com/view/subject/l/public/s34099301.jpg,https://book.douban.com/subject/1915958/
1003479,中国历代政治得失,钱穆,,生活·读书·新知三联书店,《中国历代政治得失》为作者的专题演讲合集，分别就中国汉、唐、宋、明、清五代的政府组织、百官职权、考试监察、财经赋税、兵役义务等种种政治制度作了提要勾玄的概观与比照，叙述因革演变，指陈利害得失。既高屋建瓴地总括了中国历史与政治的精要大义，又点明了近现代国人对传统文化和精神的种种误解。言简意赅，语重心长，实不失为一部简明的“中国政治制度史”。,,161,https://img9.doubanio.com/view/subject/l/public/s1319205.jpg,https://book.douban.com/subject/1003479/
21371175,罗杰疑案 : 阿加莎·克里斯蒂作品02,阿加莎·克里斯蒂,英,新星出版社,"金斯艾伯特村里坐落着两座豪宅，“皇家围场”是其中之一，而居住其中的弗拉尔斯太太刚刚过世。
此后不久，她的情人，也就是住在另一所大宅里的罗杰•艾克罗伊德先生便得知，弗拉尔斯太太一年前杀害了自己的丈夫，最终因愧疚而自杀。更重要的是，罗杰还发现她在死之前一直被一个神秘人敲诈。他展开她最后的来信，打算读出那个人的名字，可惜没有人听到。
因为一把短剑插进了他的后颈……",常禾,246,https://img3.doubanio.com/view/subject/l/public/s25814002.jpg,https://book.douban.com/subject/21371175/
1054685,沉默的大多数 : 王小波杂文随笔全编,王小波,,中国青年出版社,这本杂文随笔集包括思想文化方面的文章，涉及知识分子的处境及思考，社会道德伦理，文化论争，国学与新儒家，民族主义等问题；包括从日常生活中发掘出来的各种真知灼见，涉及科学与邪道，女权主义等；包括对社会科学研究的评论，涉及性问题，生育问题，同性恋问题，社会研究的伦理问题和方法问题等；包括创作谈和文论，如写作的动机，作者的师承，作者对小说艺术的看法，作者对文体格调的看法，对影视的看法等；包括少量的书评，其中既有对文学经典的评论，也有对当代作家作品的一些看法；最后，还包括一些域外生活的杂感以及对某些社会现象的评点。,,555,https://img1.doubanio.com/view/subject/l/public/s1447349.jpg,https://book.douban.com/subject/1054685/
1209899,我与地坛 : 史铁生代表作,史铁生,,春风文艺出版社,收有“午餐半小时”、“我的遥远的清平湾”、“命若琴弦”、“第一人称”、“两个故事”等15篇史铁生的代表作。,,399,https://img1.doubanio.com/view/subject/l/public/s1151479.jpg,https://book.douban.com/subject/1209899/
4760224,许三观卖血记,余华,,作家出版社,《许三观卖血记》是余华1995年创作的一部长篇小说。《许三观卖血记》以博大的温情描绘了磨难中的人生，以激烈的故事形式表达了人在面对厄运时求生的欲望。小说讲述了许三观靠着卖血渡过了人生的一个个难关，战胜了命运强加给他的惊涛骇浪，而当他老了，知道自己的血再也没有人要时，精神却崩溃了。,,264,https://img1.doubanio.com/view/subject/l/public/s24575140.jpg,https://book.douban.com/subject/4760224/
1449348,彷徨,鲁迅,,人民文学出版社,"《彷徨》收入鲁迅1924年至1925年所作的小说，首篇《祝福》写于1924年2月16日，末篇《离婚》写于1925年11月6日，实际的时间跨度是一年半多，1926年由北京北新书局出版，列为作者所编的《乌合丛书》之一。此后印行的版本都与初版同。
书的扉页，有作者的题记：
朝发轫于苍梧兮，夕余至乎县圃；欲少留此灵琐兮，日忽忽将其暮。
吾令羲和弭节兮，望崦嵫而勿迫；路漫漫其修远兮，吾将上下而求索。
《彷徨》鲁迅先生写作于“五·四”运动后新文化阵营分化的时期。原来参加过新文化运动的人，“有的退隐，有的高升，有的前进”，鲁迅当时象布不成阵的游勇那样“孤独”和 “彷徨”。《彷徨》表现了他在这一时期在革命征途上探索的心情。
《彷徨》目录：
《祝福》
《在酒楼上》
《幸福的家庭》
《肥皂》
《长明灯》
《示众》
《高老夫子》
《孤独者》
《伤逝》
《弟兄》
《离婚》",,162,https://img3.doubanio.com/view/subject/l/public/s34099293.jpg,https://book.douban.com/subject/1449348/
26980487,悉达多 : 一首印度的诗,赫尔曼·黑塞,德,天津人民出版社,"《悉达多》并非是佛陀的故事，它讲述了一个人的一生，千万寻常人亦会经历的一生。
意气风发的少年郎，常认为自己是被命运选中的人。抛下过去，随了跌跌撞撞的步伐，找寻心中的声音，追逐名利，经历友情，品尝爱情。不同的是，悉达多一生追求的是生命的圆融统一，看似宏大，确是每个人无法回 避的问题。
黑塞的语言是充满诗性的，正如本书副题“一首印度的诗”，因不得而知的原因，此副题在前人所出版本中都被回避了。为了尽可能表现黑塞的诗意，我们选择从德文直译，尽管我们的译文不能完全实现这种诗意，但其诗的本性与精神显而易见。
本书地位在前人的版本中已被反复强调——亨利·米勒的最爱；影响了包括电台司令在内的许多名人雅士；在六十年代美国掀起过阅读黑塞的热潮，大学生们人手一册等等。
但如书中成为摆渡人的悉达多所述，智慧无法分享，它可以被发现，被体验。
所以倘若你碰巧遇到了这本小书，请细细品味其中的文字。
愿你在读了悉达多的故事后，也能有所感悟，并开始体验属于自己的人生。",姜乙,144,https://img1.doubanio.com/view/subject/l/public/s29396368.jpg,https://book.douban.com/subject/26980487/
10564071,白鹿原 : 20周年精装典藏版,陈忠实,,人民文学出版社,"在从清末民初到建国之初的半个世纪里，一阵阵狂风掠过了白鹿原上空，而每一次的变动都震荡着它的内在结构：打乱了再恢复，恢复了再打乱，细腻地反映出白姓和鹿姓两大家族祖孙三代的恩怨纷争。陈忠实先生在这里，人物的命运是纵线，百回千转，社会历史的演进是横面，愈拓愈宽，传统文化的兴衰则是全书的精神主体，以至人、社会历史、文化精神三者之间相互激荡，相互作用，共同推进了作品的时空，在我们眼前铺开了一轴恢宏的、动态的、极富纵深感的关于我们民族灵魂的现实主义的画卷。
新版《白鹿原》特色：
1、完整呈现了1993年最原始版本。
2、全新精装本。内附多幅彩插，包括作者旧照、手稿影印件。更有电影《白鹿原》的美术设计师创作的精美插图首次面世。
3、全书浓缩着深沉的民族历史内涵，有令人震撼的真实感和厚重的史诗风格。
4、本书1997年荣获中国长篇小说最高荣誉--第四届茅盾文学奖。已被改编成同名话剧、电影、舞剧、秦腔等多种艺术形式。",,697,https://img3.doubanio.com/view/subject/l/public/s34777382.jpg,https://book.douban.com/subject/10564071/
4908885,局外人,阿尔贝·加缪,法,上海译文出版社,《局外人》是法国作家加缪的成名作，同时也是存在主义文学的杰出作品之一，该书以一种客观记录式的“零度风格”，粗线条地描述了主人公默尔索在荒谬的世界中经历的种种荒谬的事，以及自身的荒诞体验。从参加母亲的葬礼到偶然成了杀人犯，再到被判处死刑，默尔索似乎对一切都无动于衷，他像一个象征性的符号，代表了一种普遍的存在，又像是一个血红色的灯塔，具有高度的警示性。然而，局外人现象的产生无疑是由这个世界本身所孕育的，默尔索的存在有其深刻的外部原因。,柳鸣九,128,https://img9.doubanio.com/view/subject/l/public/s4468484.jpg,https://book.douban.com/subject/4908885/
1795079,乡土中国,费孝通,,上海人民出版社,著名社会学家费孝通教授，一生行行重行行，实地调查和考察总结中国农村经济发展的各种模式，写下了诸多不朽篇章。本书推出的是学界共认的中国乡土社会传统文化和社会结构理论研究的代表作《乡土中国》、《生育制度》、《乡土重建》和《皇权与绅权》四篇著作，可供社会学工作或教学、研究者参考。,,426,https://img1.doubanio.com/view/subject/l/public/s1762210.jpg,https://book.douban.com/subject/1795079/
25985021,人类简史 : 从动物到上帝,尤瓦尔·赫拉利,以色列,中信出版社,"十万年前，地球上至少有六种不同的人
但今日，世界舞台为什么只剩下了我们自己？
从只能啃食虎狼吃剩的残骨的猿人，到跃居食物链顶端的智人，
从雪维洞穴壁上的原始人手印，到阿姆斯壮踩上月球的脚印，
从认知革命、农业革命，到科学革命、生物科技革命，
我们如何登上世界舞台成为万物之灵的？
从公元前1776年的《汉摩拉比法典》，到1776年的美国独立宣言，
从帝国主义、资本主义，到自由主义、消费主义，
从兽欲，到物欲，从兽性、人性，到神性，
我们了解自己吗？我们过得更快乐吗？
我们究竟希望自己得到什么、变成什么？
------------------------------------------------------------------------------------------------
【编辑推荐】
1、由书改变而成的人类简史课程风靡全球，成为希伯来大学最受欢迎课程 Coursera最受欢迎课程 ，mooc最受欢迎课程。学界和大众都一致认可，戴蒙德推荐。
2、一大开创性：打通文字发明前后历史的界限。
文字发明之前的年代，是生物学家、考古学家的专长；文字发明之后的年代，是历史学家、政治学家和经济学家的专长；
许多著名史家的作品，欠缺遗传学或生态学的视野，如何让这两大段历史之间没有断层，能够有一以贯之的宏观解读？
本书不同于《枪炮、病菌与钢铁》从生物与环境的角度看人类社会的发展，也不同于麦克尼尔的《世界史》以文明为单位绘制的人类文明交织的世界。 他笔下的历史，在科学中有深沉的人文关怀。
3、填补传统人类史的三大鸿沟：
历史观与哲学观之间的鸿沟（提供有史实根据的深刻哲学思考）；人类和生态系统之间的鸿沟（作者多从生态来思考，而不是只讲人类的利益）；集体和个人之间的鸿沟（检视历史事件如何影响到当时一般人的生活）。
4、四大部分描述人类大历史：
7万年前的大脑认知革命（有能力谈八卦，想象不存在的事物，让陌生人开始合作、建立组织）
1.2万年前的农业革命（让我们渴求更多、生产更多，分工分职愈趋细腻）、
500年前的科学革命（带来快速进步，让我们拥有上帝的力量，也带来毁灭）
全球大一统、人类大融合的关键因素——金钱、帝国、宗教
5、一部个人幸福探索之书。
用通俗的语言和新鲜的视角，将个体的幸福放在人类发展的过程中审视，不再错过历史中最关键、最有意思的部分。涵盖了生物学，人类学，哲学，心理学，艺术，文学，伦理学等众多领域。涉及幸福，生命的意义等众多话题，有人说这是一部个人幸福探索之书。
6、一部“瘦身版”人类简史。
如果说给我一本书，不到五百页，没有一堆令人晕头转向的年份、人名、地名、称号，就能涵盖了人类如何崛起、影响现代生活甚巨的资本主义、一神教、自由人文主义、基因工程如何兴盛的人类历史重大脉络……这是仅有的一部！
7、一部引发多国版权大战的神秘大书。
获得波兰斯基人文学科创造力与独创性奖。 100周蝉联以色列畅销书排行榜第一，在英国，9家出版商疯狂竞价。 23个国家竞相购买版权。台湾上市一周，金石堂、诚品历史类畅销书榜第一 ，诚品总榜第八，西班牙上市两周总榜第一。
------------------------------------------------------------------------------------------------
【内容简介】
《人类简史：从动物到上帝》是以色列新锐历史学家的一部重磅作品。从十万年前有生命迹象开始到21世纪资本、科技交织的人类发展史。十万年前，地球上至少有六个人种，为何今天却只剩下了我们自己？我们曾经只是非洲角落一个毫不起眼的族群，对地球上生态的影响力和萤火虫、猩猩或者水母相差无几。为何我们能登上生物链的顶端，最终成为地球的主宰？
从认知革命、农业革命到科学革命，我们真的了解自己吗？我们过得更加快乐吗？我们知道金钱和宗教从何而来，为何产生吗？人类创建的帝国为何一个个衰亡又兴起？为什么地球上几乎每一个社会都有男尊女卑的观念？为何一神教成为最为广泛接受的宗教？科学和资本主义如何成为现代社会最重要的信条？理清影响人类发展的重大脉络，挖掘人类文化、宗教、法律、国家、信贷等产生的根源。这是一部宏大的人类简史，更见微知著、以小写大，让人类重新审视自己。
------------------------------------------------------------------------------------------------
【各界评论】
《人类简史：从动物到上帝》为什么能够在国际畅销书榜上爆冲？原因很简单，它处理的是历史的大问题、现代世界的大问题，而且，它的写作风格是刻骨铭心的生动。你会爱上它！
——普利策奖得主 《枪炮、病菌与钢铁》作者戴蒙德
这是此类大历史中最好的一本：规模宏大但绝非泛泛而谈；具有时代性又不花哨，观念惊世骇俗但绝不是个简单的反对者。每个人都能在书里找到一部分和另外的人开始讨论，但是弄清楚是哪部分、为什么，对我们都有好处。
——牛津大学历史学院院长 斯蒂文·刚尼
我拿起这本《人类简史》立刻“着道”了——拿起了就放不下，几乎一口气读完。吸引力主要来自作者才思的旷达敏捷，还有译者文笔的生动晓畅，而书中屡屡提及中国的相关史实，也能让人感到一种说不出的亲切，好像自己也被融入其中，读来欲罢不能。
——北京大学历史系教授 高毅
《人类简史》的目的不是传授人类考古学的所有研究成果，而是提供一种看历史的视角，一种全局的观点。当你不再执着于科学、政治或宗教等某一个领域的发展过程，而是关注人类社会的整体演变，观察这些领域之间的相互作用，你会感到你脑海中零碎的历史知识忽然像拼图一样各就各位，构成一幅宏大的图景，这样的视角非常新鲜。
——果壳网 姬十三
读完这本书，有一种跟着人类一同走过十万年的感觉！
——读者
这本书如果要用“宏伟史诗”来形容一点也不过分，其中包含了很多学科的内容，例如考古学、生物学、物理学、经济学、宗教、社会学甚至计算机科学等等。书里里面的大部分观点都是从不同的角度进行介绍，其中很多都是经无数人严格验证过的，讲师很多时候仅仅是通过自己的表达希望尽量客观地介绍一些内容，至于每个人怎么理解并没有统一的标准了。
——读者
超级好的课程，付费都坚持下来了，观点独特，从来没想到能从这个角度理解我们人类自己。
——读者",林俊宏,440,https://img3.doubanio.com/view/subject/s/public/s27814883.jpg,https://book.douban.com/subject/25985021/
1200840,平凡的世界（全三部）,路遥,,人民文学出版社,《平凡的世界》是一部现实主义小说，也是一部小说形式的家族史。作者浓缩了中国西北农村的历史变迁过程，在小说中全景式地表现了中国当代城乡的社会生活。在近十年的广阔背景下，通过复杂的矛盾纠葛，刻划社会各阶层众多普通人的形象。劳动与爱情，挫折与追求，痛苦与欢乐，日常生活与巨大社会冲突，纷繁地交织在一起，深刻地展示了普通人在大时代历史进程中所走过的艰难曲折的道路。,,1631,https://img2.doubanio.com/view/subject/l/public/s1144911.jpg,https://book.douban.com/subject/1200840/
26362836,献给阿尔吉侬的花束,丹尼尔·凯斯,美,广西师范大学出版社,声称能改造智能的科学实验在白老鼠阿尔吉侬身上获得了突破性的进展，下一步急需进行人体实验。个性和善、学习态度积极的心智障碍者查理·高登成为最佳人选。手术成功后，查理的智商从68跃升为185，然而那些从未有过的情绪和记忆也逐渐浮现。,陈澄和,288,https://img1.doubanio.com/view/subject/l/public/s28050760.jpg,https://book.douban.com/subject/26362836/
1002299,笑傲江湖（全四册）,金庸,,生活·读书·新知三联书店,《笑傲江湖》是金庸1967年写的一部武侠小说，属于金庸的后期作品。,,1599,https://img9.doubanio.com/view/subject/l/public/s2157335.jpg,https://book.douban.com/subject/1002299/
1008145,围城,钱锺书,,人民文学出版社,《围城》是钱钟书所著的长篇小说。第一版于1947年由上海晨光出版公司出版。1949年之后，由于政治等方面的原因，本书长期无法在中国大陆和台湾重印，仅在香港出现过盗印本。1980年由作者重新修订之后，在中国大陆地区由人民文学出版社刊印。此后作者又曾小幅修改过几次。《围城》 自从出版以来，就受到许多人的推崇。由于1949年后长期无法重印，这本书逐渐淡出人们的视野。1960年代，旅美汉学家夏志清在《中国现代小说史》(A History of Modern Chinese Fiction)中对本书作出很高的评价，这才重新引起人们对它的关注。人们对它的评价一般集中在两方面，幽默的语言和对生活深刻的观察。从1990年代开始，也有人提出对本书的不同看法，认为这是一部被“拔高”的小说，并不是一部出色的作品。很多人认为这是一部幽默作品。除了各具特色的人物语言之外，作者夹叙其间的文字也显着机智与幽默。这是本书的一大特色。也有人认为这是作者卖弄文字，语言显得尖酸刻薄。但这一说法并不为大多数人接受。,,359,https://img3.doubanio.com/view/subject/l/public/s1070222.jpg,https://book.douban.com/subject/1008145/
2046909,故事新编,鲁迅,,人民文学出版社,"《故事新编》是鲁迅的一部短篇小说集，收录了鲁迅在1922年～1935年间创作的短篇小说八篇。1936年1月由上海文化生活出版社初版，列为巴金所编的《文学丛刊》之一作者生前共印行七版次。
这八篇小说分别是：《补天》、《奔月》、《理水》、《采薇》、《铸剑》、《出关》、《非攻》、《起死》。外加一篇《序言》。此书主要以神话为题材，多数是在“博考文献”的基础上，“取一点因由，随意点染。”
其中，《补天》写于1922年冬天，原题《不周山》，收录于《呐喊》初版，后改名《补天》并抽出；《奔月》、《铸剑》写于1926年和1927年，《铸剑》在《莽原》上发表时题名《眉间尺》；《补天》、《理水》、《非攻》、《采薇》、《起死》写于1934至1935年。",,129,https://img3.doubanio.com/view/subject/l/public/s34099297.jpg,https://book.douban.com/subject/2046909/
1827374,东方快车谋杀案,阿加莎·克里斯蒂,英,人民文学出版社,"午夜过后，一场大雪迫使东方快车停了下来。这辆豪华列车整年都处于满员状态。但那天早上却发现少了一名乘客。一个美国人死在了他的包厢里，他被刺了十二刀，可他包厢的门却是反锁着的。
随着紧张气氛逐渐增强，侦探赫尔克里·波洛想出了两个侦破此案的方法……",陈尧光,254,https://img1.doubanio.com/view/subject/l/public/s1765799.jpg,https://book.douban.com/subject/1827374/
1254588,城南旧事 : 纪念普及版,林海音 文 / 关维兴 图,,中国青年出版社,"多少年来，《城南旧事》感动了一代又一代的读者，除了再版无数次的小说版外，1985年，本书在中国大陆搬上银幕，电影“城南旧事”获得“中国电影金鸡奖”、第二届“马尼拉国际电影节最佳故事片奖金鹰奖章”、第十四届“贝尔格勒国际儿童电影节最佳影片思想奖”等多项大奖。
儿童绘本版《城南旧事》由当今中国极具代表性的水彩画家关维兴，运用优雅诗意的风格和穿透人心的独到技巧，将创作的图画全然融入故事的情节。画中举凡服饰、器物和建筑，考据详实，没一点随便或含糊。人物细致的表情、光线和空气的律动、圆熟丰美的调子，使文图呈现无懈可击的呼应。绘本《城南旧事》甫出版即获选1993、1994年“波隆那国际儿童书插画展”、1993年“布拉迪斯国际插画双年展”以及1994年“加泰隆尼亚国际插画双年展”。
从小说到电影，从成人书到儿童绘本，《城南旧事》是故事、是梦幻，读时仿若音乐，轻轻扣动人心，字里行间所隐涵的深意，更令人撼动，久久不能自已。",,198,https://img1.doubanio.com/view/subject/l/public/s2654869.jpg,https://book.douban.com/subject/1254588/
1829226,肖申克的救赎,斯蒂芬·金,美,人民文学出版社,"这本书收入斯蒂芬·金的四部中篇小说，是他作品中的杰出代表作。其英文版一经推出，即登上《纽约时报》畅销书排行榜的冠军之位，当年在美国狂销二十八万册。目前，这本书已经被翻译成三十一种语言，同时创下了收录的四篇小说中有三篇被改编成轰动一时的电影的记录。
其中最为著名是曾获奥斯卡奖七项提名、被称为电影史上最完美影片的《肖申克救赎》（又译《刺激一九九五》）。这部小说展现了斯蒂芬·金于擅长的惊悚题材之外的过人功力。书中的另两篇小说《纳粹高徒》与《尸体》拍成电影后也赢得了极佳的口碑。其中《尸体》还被视为斯蒂芬·金最具自传色彩的作品。",施寄青 / 赵永芬 / 齐若兰,466,https://img9.doubanio.com/view/subject/l/public/s4007145.jpg,https://book.douban.com/subject/1829226/
7060185,江城,彼得·海斯勒,美,上海译文出版社,"1996年8月底一个温热而清朗的夜晚，我从重庆出发，乘慢船，顺江而下来到涪陵。
涪陵没有铁路，历来是四川省的贫困地区，公路非常糟糕。去哪里你都得坐船，但多半你哪里也不会去。在随后的两年，这座城市就是我的家。
在这里，我有时是一个旁观者，有时又置身于当地的生活之中，这种亲疏结合的观察构成了我在四川停留两年的部分生活。
2001年，也就是这本书在美国出版的时候，一条通往重庆的高速公路通车了，一条铁路也正在修建之中，基本上再也没有人坐船去涪陵了。这座城市正在飞速发展着，在过去的二十年，那样一种转型变化的感觉——接二连三、冷酷无情、势不可挡——正是中国的本质特征。很难相信，这个国家曾经完全是另外一种模样，是19世纪西方人眼中“永远停滞的民族”。
2003年，三峡大坝一期完工后，不断上涨的江水将陆续淹没那些江畔之城，这多少令我有些伤感。而对于大多数中国人来说，这正是不断变革的对应面：贫穷、烂路、慢船。
这并不是一本关于中国的书，它只涉及一小段特定时期内中国的某个小地方。从地理和历史上看，涪陵都位于江河中游，所以人们有时很难看清她从何而来，又去往何处。
在1996年至1998年间，我学会了热爱涪陵。能再次回到长江上的感觉真好，哪怕它的旧时激流只存于我的记忆之中。",李雪顺,446,https://img3.doubanio.com/view/subject/l/public/s7019913.jpg,https://book.douban.com/subject/7060185/
1449352,朝花夕拾,鲁迅,,人民文学出版社,本书收作者1926年所作回忆散文十篇。1928年9月由北平未名社初版，列为作者所编的《未名新集》之一。1932年8月改由上海北新书局出版。作者生前共印行七版次。,,92,https://img1.doubanio.com/view/subject/l/public/s34099290.jpg,https://book.douban.com/subject/1449352/
1085860,基督山伯爵,大仲马,法国,上海译文出版社,小说以法国波旁王朝和七月王朝两大时期为背景，描写了一个报恩复仇的故事。法老号大副唐泰斯受船长的临终嘱托，为拿破仑送了一封信，受到两个对他嫉妒的小人的陷害，被打入死牢，狱友法里亚神甫向他传授了各种知识，还在临终前把一批宝藏的秘密告诉了他。他设法越狱后找到了宝藏，成为巨富。从此他化名为基督山伯爵，经过精心策划，报答了他的恩人，惩罚了三个一心想置他于死地的仇人。,周克希 / 韩沪麟,1453,https://img9.doubanio.com/view/subject/l/public/s3248016.jpg,https://book.douban.com/subject/1085860/
1041482,万历十五年,黄仁宇,美,生活·读书·新知三联书店,"万历十五年，亦即公元1587年，在西欧历史上为西班牙舰队全部出动征英的前一年；而在中国，这平平淡淡的一年中，发生了若干为历史学家所易于忽视的事件。这些事件，表面看来虽似末端小节，但实质上却是以前发生大事的症结，也是将在以后掀起波澜的机缘。在历史学家黄仁宇的眼中，其间的关系因果，恰为历史的重点，而我们的大历史之旅，也自此开始……
《万历十五年》是黄仁宇的成名之作，也是他的代表作之一。这本书融会了他数十年人生经历与治学体会，首次以“大历史观”分析明代社会之症结，观察现代中国之来路，给人启发良多。英文原本推出后，被美国多所大学采用为教科书，并两次获得美国书卷奖历史类好书的提名。",,320,https://img9.doubanio.com/view/subject/l/public/s1800355.jpg,https://book.douban.com/subject/1041482/
10594787,霍乱时期的爱情,加西亚·马尔克斯,哥伦比亚,南海出版公司,"★马尔克斯唯一正式授权，首次完整翻译
★《霍乱时期的爱情》是我最好的作品，是我发自内心的创作。——加西亚•马尔克斯
★这部光芒闪耀、令人心碎的作品是人类有史以来最伟大的爱情小说。——《纽约时报》
《霍乱时期的爱情》是加西亚•马尔克斯获得诺贝尔文学奖之后完成的第一部小说。讲述了一段跨越半个多世纪的爱情史诗，穷尽了所有爱情的可能性：忠贞的、隐秘的、粗暴的、羞怯的、柏拉图式的、放荡的、转瞬即逝的、生死相依的……再现了时光的无情流逝，被誉为“人类有史以来最伟大的爱情小说”，是20世纪最重要的经典文学巨著之一。",杨玲,401,https://img3.doubanio.com/view/subject/l/public/s11284102.jpg,https://book.douban.com/subject/10594787/
3162991,艺术的故事,贡布里希 (Sir E.H.Gombrich),英,广西美术出版社,"《艺术的故事》概括地叙述了从最早的洞窟绘画到当今的实验艺术的发展历程，以阐明艺术史是“各种传统不断迂回、不断改变的历史，每一件作品在这历史中都既回顾过去又导向未来。
继1997年三联版《艺术的故事》后，英国费顿出版社授权广西美术出版社独家出版，也是国内唯一合法授权的版本。",范景中 / 杨成凯,688,https://img3.doubanio.com/view/subject/l/public/s3219163.jpg,https://book.douban.com/subject/3162991/
35546622,置身事内 : 中国政府与经济发展,兰小欢,,上海人民出版社,"“在成功的经济体中，经济政策一定是务实的，不是意识形态化的。是具体的，不是抽象的。”
直面真问题、深究真逻辑的复旦大学经济学“毕业课”
☆ 连接抽象经济学理论与中国发展实际
在市场机制不完善的情况下，如何实现可行的动员与资源调配，推动经济增长？
在确保增长的过程中，如 何获得更多资源和时间去建设和完善市场经济？
☆ 结合学界前沿研究与一线调研经历
扼要论述+延伸阅读指引，满足弹性认知需求
生动解说光伏、面板等行业案例，清晰复盘宽窄巷子、华夏幸福等建设经验
☆ 微观机制+宏观现象 双重维度串联中国经济生活中中知识与现象的碎片
理解地方政府经济治理的决策与行动逻辑
解读城市化、房价、贫富差距、债务、国内外贸易生态等现象背后各种要素的联动
☆ 从热闹的政经新闻中看出门道，从枯燥的政府文件中觉察到机会。
“了解政府认为应该怎么办，比了解‘我’认为应该怎么办，重要得多。”
------------------------------------------------------------------------------------------------------
本书是是兰小欢多年教学、调研与研究内容的凝练，将经济学原理与中国经济发展的实践有机融合，以地方政府投融资为主线，深入浅出地论述了中国经济的发展，笔触简练客观，并广泛采纳了各领域学者的最新研究成果。全书分上下两篇。上篇解释微观机制，包括地方政府的基本事务、收支、土地融资和开发、投资和债务等；下篇解释这些微观行为与宏观现象的联系，包括城市化和工业化、房价、地区差异、债务风险、国内经济结构失衡、国际贸易冲突等。最后一章提炼和总结全书内容。
通过对中国政治经济体系的论述，作者简明地刻画了地方政府进行经济治理的基本方式，并指出，中国政府通过深度介入工业化和城市化的进程，在发展经济的同时逐步推动了市场机制的建立和完善，以一种有别于所谓发达国家经验的方式实现了经济奇迹。基于对改革历程与社会矛盾的回顾与分析，作者也在书中对当前推进的市场化改革与政府转型进行了解读，帮助读者增进对中国发展现实的把握。",,340,https://img3.doubanio.com/view/subject/l/public/s33956867.jpg,https://book.douban.com/subject/35546622/
1044547,射雕英雄传,金庸,,生活·读书·新知三联书店,《射雕英雄传》是金庸的代表作之一，作于一九五七年到一九五九年，在《香港商报》连载。《射雕》中的人物个性单纯，郭靖诚朴厚重、黄蓉机智狡狯，读者容易印象深刻。这是中国传统小说和戏剧的特征，但不免缺乏人物内心世界的复杂性。由于人物性格单纯而情节热闹，所以《射雕》比较得到欢迎，被拍成各种语种的电影和电视剧在全球众多国家和地区热播。,,1263,https://img9.doubanio.com/view/subject/l/public/s34100166.jpg,https://book.douban.com/subject/1044547/
25836270,厌女 : 日本的女性嫌恶,上野千鹤子,,上海三联书店,《厌女》不是一部纯理论性著作，而是运用女性主义理论针对日本当代的各种社会现象的实践性分析。《厌女》处理了广泛的日本题材，其中既有文学性的，比如谈到小说家吉行淳之介、永井荷风、林真理子等，更多的则是社会性的。上野千鹤子谈到的许多现象，尤其是家庭的、婚姻的，在中国也有很类似的情况。知性的读者会从这些论述中获得强烈共鸣并得到理论上的指引。,王兰,261,https://img3.doubanio.com/view/subject/l/public/s33797467.jpg,https://book.douban.com/subject/25836270/
1029553,西游记（全二册）,吴承恩,,人民文学出版社,《西游记》主要描写的是孙悟空保唐僧西天取经，历经九九八十一难的故事。唐僧取经是历史上一件真实的事。大约距今一千三百多年前，即唐太宗贞观元年（627），年仅25岁的青年和尚玄奘离开京城长安，只身到天竺（印度）游学。他从长安出发后，途经中亚、阿富汗、巴基斯坦，历尽艰难险阻，最后到达了印度。他在那里学习了两年多，并在一次大型佛教经学辩论会任主讲，受到了赞誉。贞观十九年（645）玄奘回到了长安，带回佛经657部。他这次西天取经，前后十九年，行程几万里，是一次传奇式的万里长征，轰动一时。后来玄奘口述西行见闻，由弟子辩机辑录成《大唐西域记》十二卷。但这部书主要讲述了路上所见各国的历史、地理及交通，没有什么故事。及到他的弟子慧立、彦琮撰写的《大唐大慈恩寺三藏法师传》，则为玄奘的经历增添了许多神话色彩，从此，唐僧取经的故事便开始在民间广为流传。南宋有《大唐三藏取经诗话》，金代院本有《唐三藏》、《蟠桃会》等，元杂剧有吴昌龄的《唐三藏西天取经》、无名氏的《二郎神锁齐大圣》等，这些都为《西游记》的创作奠定了基础。吴承恩也正是在民间传说和话本、戏曲的基础上，经过艰苦的再创造，完成了这部令中华民族为之骄傲的伟大大文学巨著。吴承恩，字汝忠，号射阳山人，淮安府山阳（今江苏省淮安市）人。约生于明弘治十三年至正德初年之间（1500—1510），约卒于万历十年（1582）。吴承恩的曾祖父、祖父都是读书人，任过县学的训导、教谕。但到了他父亲吴锐这一辈，由于家贫困，出赘徐家，“遂袭徐氏业，坐肆中”，当起了小商人。尽管如此，吴家却不失读书的传统。据说其父吴锐虽为商人，不仅为人正派，而且好读书，好谈时政，这自然对吴承恩产生较大影响。吴承恩从小就很聪明，很早入了学，少年得志，名满乡里。天启《淮安府志》卷十六说吴承恩“性敏而多慧，博极群书，为诗文，下笔立成。”但成年后的吴承恩却很不顺利，在科举进身的道路上屡遭挫折，到四十多岁才补了一个岁贡生，五十多岁任过浙江长兴县丞，后又担任过荆王府纪善，这是同县丞级别差不多的闲职。吴承恩创作《西游记》大约是中年以后，或认为是晚年所作，具体时间无法确定。除《西游记》外，他还创作有长诗《二郎搜山图歌》和《禹鼎志》。现存《射阳先生存稿》四卷，包括诗一卷、散文三卷，是吴承恩逝世后由丘度编订而成。 《西游记》全书一百回，从大的结构上看，可分成三个部分。第一回至第八回是第一部分，主要写了孙悟空出世、拜师、大闹天宫，这是全书最精彩的章节，热闹非凡，孙悟空上天入地好一顿折腾，将他的反抗性格表现得淋漓尽致。第八回至第十二回是第二部分，主要写了唐僧的出身及取经的缘由。第十三回至最后一回是第三部分，主要写唐僧西天取经，路上先后收了孙悟空、猪八戒、沙和尚三个徒弟，并历经九九八十一难，终于取到了真经，修成了正果。 《西游记》向人们展示了一个绚丽多彩的神魔世界，人们无不在作者丰富而大胆的艺术想象面前惊叹不已。然而，任何一部文学作品都是一定社会生活的反映，作为神魔小说杰出代表的《西游记》亦不例外。正如鲁迅先生在《中国小说史略》中指出，《西游记》“讽刺揶揄则取当时世态，加以铺张描写”。又说：“作者禀性，‘复善谐剧’，故虽述变幻恍忽之事，亦每杂解颐之言，使神魔皆有人情，精魅亦通世故。”的确如此。 通过《西游记》中虚幻的神魔世界，我们处处可以看到现实社会的投影。如在孙悟空的形象创造上，就寄托了作者的理想。 孙悟空那种不屈不挠的斗争精神，奋起金箍棒，横扫一切妖魔鬼怪的大无畏气概，反映了人民的愿望和要求。他代表了一种正义的力量，表现出人民战胜一切困难的必胜信念。又如取经路上遇到的那些妖魔，或是自然灾难的幻化，或是邪恶势力的象征。他们的贪婪、凶残、阴险和狡诈，也正是封建社会里的黑暗势力的特点。不仅如此，玉皇大帝统治的天宫、如来佛祖管辖的西方极乐世界，也都浓浓地涂上了人间社会的色彩。而作者对封建社会最高统治者的态度也颇可玩味，在《西游记》中，简直找不出一个称职的皇帝；至于昏聩无能的玉皇大帝、宠信妖怪的车迟国国王、要将小儿心肝当药引子的比丘国国王，则不是昏君就是暴君。对这些形象的刻画，即使是信手拈来，也无不具有很强的现实意义。 《西游记》不仅有较深刻的思想内容，艺术上也取得了很高的成就。它以丰富奇特的艺术想象、生动曲折的故事情节，栩栩如生的人物形象，幽默诙谐的语言，构筑了一座独具特色的《西游记》艺术宫殿。但我认为，《西游记》在艺术上的最大成就，是成功地创造了孙悟空、猪八戒这两个不朽的艺术形象。 孙悟空是《西游记》中第一主人公，是个非常了不起的英雄。他有无穷的本领，天不怕地不怕，具有不屈的反抗精神。他有着大英雄的不凡气度，也有爱听恭维话的缺点。他机智勇敢又诙谐好闹。而他最大的特点就是敢斗。与至高至尊的玉皇大帝敢斗，楞是叫响了“齐天大圣”的美名；与妖魔鬼怪敢斗，火眼金睛决不放过一个妖魔，如意金箍棒下决不对妖魔留情；与一切困难敢斗，决不退却低头。这就是孙悟空，一个光彩夺目的神话英雄。说到猪八戒，他的本事比孙悟空可差远了，更谈不上什么光辉高大，但这个形象同样刻画得非常好。 猪八戒是一个喜剧形象，他憨厚老实，有力气，也敢与妖魔作斗争，是孙悟空第一得力助手。但他又满身毛病，如好吃，好占小便宜，好女色，怕困难，常常要打退堂鼓，心里老想着高老庄的媳妇；他有时爱撒个谎，可笨嘴拙腮的又说不圆；他还时不时地挑拨唐僧念紧箍咒，让孙悟空吃点苦头；他甚至还藏了点私房钱，塞在耳朵里。他的毛病实在多，这正是小私有者的恶习。作者对猪八戒缺点的批评是很严厉的，但又是善意的。他并不是一个被否定的人物，因此人们并不厌恶猪八戒，相反却感到十分真实可爱。唐僧的形象写得也不错，但比起孙悟空、猪八戒来，则要逊色得多。沙僧更是缺少鲜明的性格特点，这不能不说是《西游记》的缺憾。尽管如此，《西游记》在艺术上取得的成就仍是十分惊人的，孙悟空、猪八戒这两个形象，以其鲜明的个性特征，在中国文学史上立起了一座不朽的艺术丰碑。,黄肃秋 注释,1198,https://img9.doubanio.com/view/subject/l/public/s1627374.jpg,https://book.douban.com/subject/1029553/
1858513,月亮和六便士,毛姆,英,上海译文出版社,"一个英国证券交易所的经纪人，本已有牢靠的职业和地位、美满的家庭，但却迷恋上绘画，像“被魔鬼附了体”，突然弃家出走，到巴黎去追求绘画的理想。他的行径没有人能够理解。他在异国不仅肉体受着贫穷和饥饿煎熬，而且为了寻找表现手法，精神亦在忍受痛苦折磨。经过一番离奇的遭遇后，主人公最后离开文明世界，远遁到与世隔绝的塔希提岛上。他终于找到灵魂的宁静和适合自己艺术气质的氛围。他同一个土著女子同居，创作出一幅又一幅使后世震惊的杰作。在他染上麻风病双目失明之前，曾在自己住房四壁画了一幅表现伊甸园的伟大作品。但在逝世之前，他却命令土著女子在他死后把这幅画作付之一炬。通过这样一个一心追求艺术、不通人性世故的怪才，毛姆探索了艺术的产生与本质、个性与天才的关系、艺术家与社会的矛盾等等引人深思的问题。同时这本书也引发了人们对摆脱世俗束缚逃离世俗社会寻找心灵家园这一话题的思考，而关于南太平洋小岛的自然民风的描写也引人向往。
《月亮和六便士》说问世后，以情节入胜、文字深刻在文坛轰动一时，人们争相传看。在小说中，毛姆用第一人称的叙述手法，借“我”之口，叙述整个故事，有人认为这篇小说的原型是法国印象派画家高更，这更增加了它的传奇色彩，受到了全世界读者的关注。",傅惟慈,275,https://img1.doubanio.com/view/subject/l/public/s2659208.jpg,https://book.douban.com/subject/1858513/
34998019,秋园,杨本芬,,北京联合出版公司,"听八旬奶奶讲述她和妈妈的故事。
1914年，世上有了“秋园”这个人。1918年，汉语有了“她”这个字。秋园，她来过，挣扎过，绝望过，幸福过。今天，她80岁的女儿，把普普通通的她，讲给世界听。
“我写了一位普通中国女性一生的故事，写了我们一家人如何像水中的浮木般挣扎求生，写了中南腹地那些乡间人物的生生死死。我知道自己写出的故事如同一滴水，最终将汇入人类历史的长河。”",,280,https://img1.doubanio.com/view/subject/l/public/s33640730.jpg,https://book.douban.com/subject/34998019/
3006581,无人生还,阿加莎・克里斯蒂,英,人民文学出版社,十个互不相识的人，被富有的欧文先生邀请到了印地安岛上的私人别墅里。晚餐后，一个神秘的声音揭开了人们心中所各自隐藏着的可怕秘密。当天晚上，年轻的马斯顿先生离奇死去，古老的童谣就像诅咒一样笼罩着所有人，似乎有一双神秘的眼镜在时刻窥视着这场死亡游戏，到访者就像消失的印地安小瓷人一样一个又一个的走向死神……,祁阿红,254,https://img1.doubanio.com/view/subject/l/public/s2962510.jpg,https://book.douban.com/subject/3006581/
1770782,追风筝的人,卡勒德·胡赛尼,美,上海人民出版社,"12岁的阿富汗富家少爷阿米尔与仆人哈桑情同手足。然而，在一场风筝比赛后，发生了一件悲惨不堪的事，阿米尔为自己的懦弱感到自责和痛苦，逼走了哈桑，不久，自己也跟随父亲逃往美国。
成年后的阿米尔始终无法原谅自己当年对哈桑的背叛。为了赎罪，阿米尔再度踏上暌违二十多年的故乡，希望能为不幸的好友尽最后一点心力，却发现一个惊天谎言，儿时的噩梦再度重演，阿米尔该如何抉择？
故事如此残忍而又美丽，作者以温暖细腻的笔法勾勒人性的本质与救赎，读来令人荡气回肠。",李继宏,362,https://img1.doubanio.com/view/subject/l/public/s1727290.jpg,https://book.douban.com/subject/1770782/
1028409,中国少年儿童百科全书（全四册）,林崇德 主编,,浙江教育出版社,"浙江教育出版社出版的《中国少年儿童百科全书》(双色版)作为中国第一部少年儿童百科全书，自1991年儿童节出版以来，一直热销全国，被誉为国内图书市场的“常青树”。
6000多个知识条目、200多万字的阐述说明，在少儿类的百科书中堪称“巨无霸”，沉甸甸地诠释着世界的丰富精彩，也让孩子们充分体验到有问必答的满足。6000多幅生动精彩的彩色图片结合国际流行的版面设计大大提升了百科全书的视觉表现力，让阅读者获取知识的过程成为享受。版面上精心设置的各种小栏目更在细节处展现了新一代百科全书对多媒体、网络等先进手段的吸收运用。贯穿全书各个不同知识领域的“参见”栏目如网络上的“链接”一般，让读者在不知不觉中提高举一反三的自主学习能力。趣味盎然的“拓展阅读”则像多媒体软件界面上的按键，有助于培养少年儿童主动联想的思维模式，使他们在探求、思考中获益、成长。与以往种种传统百科全书相比，这套彩图版百科全书以更加新颖、多样、前沿的表现形式，涵盖了天文、地理、政治、经济、军事、科技、文化、艺术、法律、宗教等诸多领域，为中国少年儿童架构了一座国际化的知识体系，在广度、深度和新度上代表了当前百科全书的最新发展成果和水平。",,2800,https://img9.doubanio.com/view/subject/l/public/s34069455.jpg,https://book.douban.com/subject/1028409/
5414391,寻路中国 : 从乡村到工厂的自驾之旅,彼得·海斯勒,美,上海译文出版社,"我叫彼得·海斯勒，是《纽约客》驻北京记者。这本书讲述了我驾车漫游中国大陆的经历。
2001年夏天，我考取了中国驾照，在此后的七年中，我驾车漫游于中国的乡村与城市。这七年也正是中国汽车业的高速发展期，单在北京一地，每天申领驾照的新人就有一千多，其中有好几年，乘用车销售额的年增长率超过了百分之五十。仅仅两年多的时间，中国政府在乡村所铺设的公路里程数，就超过了此前半个世纪的总量。
《寻路中国》一书有几条不同的线索。它首先叙述了我由东海之滨沿着长城一路向西，横跨中国北方的万里行程；另一条线索集中讲述了一个因中国汽车业的高速发展而发生巨变的乡村，在这里，我特写了一个农民家庭由农而商的变化经历；最后，则是中国东南部一个工业小镇的城市生活场景。书中所描述的这种由农而工而商、乡村变身城市的发展，正是1978年改革以来中国所发生的最重要的变化。
《寻路中国》是我的中国纪实三部曲之尾曲。它探讨经济，追踪发展的源头，探究个人对变革的应对。如前两本书那样，它研究中国的核心议题，但并不通过解读著名的政治或文化人物来实现这个目的，也不做宏观的大而无当的分析。它相信通过叙述普通中国人的经历来展现中国变革的实质。我经常在一地连续呆上数月、甚至数年，跟踪变化。我不会仅仅听主人公自己讲述，我会睁大眼睛，看着他们的故事在我面前一点点展开。
这三本书横跨了我的中国十年，从1996至2007。我们可以看出，这个处于世纪之交的十年是中国历史上最关键的时期之一。正是在这十年中，中国经济实现了腾飞，中国对外部世界的影响力开始增大。更重要的是，这是邓小平去世后的第一个十年。在这十年中，中国历史的面貌开始变化，大规模的政治事件与强力领袖开始从中退却。相反，中国巨变的推动者变成了普通人——走向城市的农民、边学边干的企业家，他们的能量与决心是过去这十年中的决定因素。从《江城》到《甲骨文》再到《寻路中国》，我所讲述的都是他们的故事。",李雪顺,426,https://img1.doubanio.com/view/subject/l/public/s4575849.jpg,https://book.douban.com/subject/5414391/
6789605,树上的男爵,伊塔洛·卡尔维诺,意大利,译林出版社,"在大陆，王小波、苏童、阿城、止庵是他的忠实粉丝
在台湾，朱天文，唐诺是卡尔维诺不余遗力的传播者
在香港，梁文道说他一直在准备谈卡尔维诺，可是一直没准备好
权威版本，全面修订2006年单行本译本，并增补卡尔维诺各作品自序、后记、注释等重要资料
知名设计师全新装帧，精装双封设计，书脊烫金，封面采用原创线条图，赋予每部作品文学个性
卡尔维诺 “我们的祖先”三部曲之一。“我们的祖先”三部曲包括：《不存在的骑士》《分成两半的子爵》《树上的男爵》，这三个故事代表通向自由的三个阶段，关于人如何实现自我的经验：在《不存在的骑士》中争取生存，在《分成两半的子爵》中追求不受社会摧残的完整人生，在《树上的男爵》中有一条通向完整的道路——这是通过对个人的自我抉择矢志不移的努力而达到的非个人主义的完整。
一次倔强的反抗，让科希莫从十二岁起就决定永不下树。从此，他一生都生活在树上，却将生命更紧密地与大地相连。是不是真的只有先与人疏离，才能最终与他们在一起？",吴正仪,280,https://img9.doubanio.com/view/subject/l/public/s8968135.jpg,https://book.douban.com/subject/6789605/
2035162,刀锋,毛姆,英,上海译文出版社,"威廉·萨默塞特·毛姆（1874-1965），英国著名小说家、戏剧家。《刀锋》是他的主要作品之一。
小说写一个参加第一次世界大战的美国青年飞行员拉里·达雷尔。在军队里，拉里结识了一个爱尔兰好友：这人平时是那样一个生龙活虎般的置生死于度外的飞行员，但在一次遭遇战中，因去救拉里而中弹牺牲。拉里因此对人生感到迷惘，弄不懂世界上为什么有恶和不幸，拉里开始了他令人匪夷所思的转变……",周煦良,318,https://img3.doubanio.com/view/subject/l/public/s2347562.jpg,https://book.douban.com/subject/2035162/
1043008,格林童话全集,格林兄弟,德,人民文学出版社,"《格林童话全集》是德国民间故事集。由德国的雅各・格林和威廉・格林兄弟根据民间口述材料改写而成。他们搜集、整理、出版这些民间童话的目的，正如威廉所说，是""希望它成为一本有教育意义的书，因为我再也想不出什么更富有教益，更天真无邪，更令人心旷神怡的读物，能比它更适合于儿童的心性与能力了。""作品的主要内容是颂扬勤劳和诚实，鄙弃懒惰和自私，鼓励对暴力和邪恶的反抗，激发对被压迫者的同情和爱护。
书中的200多个故事，大部分源自民问的口头传说，因而比较正确地反映了当时人民的思想感情。其中的《灰姑娘》、《白雪公主》、《小红帽》、《青蛙王子》等童话故事，脍炙人口，享誉世界。作品问世一百多年来，已被译成70多种文字，在世界各国广为流传，成为各地收集民间故事的范例。",魏以新,625,https://img2.doubanio.com/view/subject/l/public/s1134341.jpg,https://book.douban.com/subject/1043008/
35819419,可能性的艺术 : 比较政治学30讲,刘瑜,,广西师范大学出版社,"「内容简介」
一个和平“爆发”的年代？
历史“终结论”的终结？
国家能力从何而来？
文明的冲突是一个过时的预言？
……
面对林林总总的政治问题，作者带领我们以一种比较的视角，在民主问责和国家能力两个政治比较的核心维度下，建立起观察的参照系，将不同体制、不同经济发展水平的国家纳入比较的视野，去分析我们的时代背景和全球化进程，讨论不同国家的政治转型与国家能力，以及文化和经济对政治变迁的影响。
“政治是可能性的艺术。”当我们将面对的政治现实当作一万种可能性之一来对待时，就能从此时此地抽离，获得一种俯瞰的视角，进而再聚焦定位现实，在浩瀚的可能性中理解我们自身。
「名人推荐」
比较政治学当中的“比较”，与其说是一种具体的研究方法，不如说是一种研究的视野。当你把你所面对的政治现实当作一万种可能性之一来对待时，你就获得了一种“比较的视野”。
比较的视野本质上是一种俯瞰的视野，从“此时此地”抽离，来到多样性的“上空”，从宏观开始领略，然后慢慢聚焦到微观，也就是从森林开始，慢慢聚焦到树木。这样做的好处，就是不管你在分析多么具体的问题，在你脑海的深处，始终有一种比例感，有一片隐隐约约的森林，它提醒着你，你所见到的只是现象，而现象未必是真相。
可能我思考得越多，就越相信，智慧的本质就是对事物比例的公正判断。
——刘瑜
以比较的视野辨析相似与差异，从妙趣横生的事例引向缜密的逻辑推论，澄清认知的盲点和误区，在娓娓道来的叙述中抵达高深的学理分析，最终揭示政治世界的种种奥秘。刘瑜的写作天赋与学术训练功力都已为人所知，在这本书中，二者达到了几近完美的融合，为我们呈现出真正深入浅出的典范。
——刘擎
什么叫“可能性的艺术”？在这个年代活在世界上任何一个地方，可能都要面对一个问题：整套影响我们生活、塑造我们日常社会行为的政治制度，还有什么可能吗？
人类历史上所有政治制度的出现、形成、演变的空间何在？很多时候要透过比较才看得到，而由刘瑜老师来讲述，则是再精彩不过了。
——梁文道
「编辑推荐」
★ 学者刘瑜比较政治学新著。继《民主的细节》《观念的水位》出版近10年后，政治学者刘瑜新作出版。在保留其理性而灵动的语言风格、清晰而缜密的逻辑叙述的基础上，这一次，她带我们跳出一时一地的政治，从高处看国际格局，形成广阔的俯瞰视野。
★ 全方位、多角度的政治比较视野。围绕比较政治学两个核心维度——政治转型和国家能力，将不同国家、地区、古今纳入其中，带来全方位的比较。同时，书中不仅有对发达国家如美国、英国、德国、法国等的分析，也有对发展中国家如南非、印度、墨西哥、泰国、智利、伊拉克等的介绍；在分析经济发展、民主转型的成功案例时，也会剖析失败案例，以此突破认识的偏见，将当下问题纳入历史长河，以历史为尺度，形成看问题的比例感，跳出现象，对问题做出公正的判断。
★ 政治在社会中，从政治之外看政治。“政治在社会结构中”“政治在经济中”“政治在历史中”“政治在地理中”“政治在文化中”。本书通过分析南非的转型、智利经济政策的选择、美国的社会运动以及韩国的观念变迁等，带我们认识政治创造可能性的各种途径，理解社会与政治发展的制衡关系、政治选择与政治行动的可能。
★ 将抽象复杂的政治问题化为通俗的讲述。本书基于作者在看理想平台的音频节目而成，保留了作者通俗的讲述风格，同时辅以深厚的学术功底、优秀的写作能力以及对现实的敏锐分析，将抽象复杂的政治问题以易懂的方式讲给我们听。
★ 对多变的政治现象进行比较、思考，形成社会洞察力。比较产生冲击，冲击带来思考。政治的多变与不确定性让我们对它的思考很难有一劳永逸的答案，但也正是这种不确定性促使我们不断重返基本的道德问题和历史经验，将熟悉的事物陌生化，将“此时时刻”和无数的“他时他刻”联系起来，以此形成明晰的社会洞察力。
★ 于差异中寻找规律，在浩瀚的可能性中理解我们自身。政治是复杂的，但不是随机的。本书通过建立一个政治可能性的参照系，将每个国家编织在同一网络下，以此理解他国，也照见自身，于差异中寻找规律，进而定位现实，理解我们自身。",,384,https://img2.doubanio.com/view/subject/l/public/s34192061.jpg,https://book.douban.com/subject/35819419/
36328704,太白金星有点烦,马伯庸,,湖南文艺出版社,"太白金星李长庚最近有点烦。
天庭和西天联合推出了“西天取经”的重大项目，他受命策划九九八十一难，确保唐僧能安全走完流程，平稳取经成佛。老神仙本以为一切尽在掌控中，谁知天大的麻烦才刚刚开始：费用报销、工作汇报、人事安排、各路大仙塞来的条子、各地妖怪暗藏的心思，捋不出的千头万缕，做不完的琐碎繁杂……当大闹天宫的真相重新浮出水面，牵扯出无数因果，李长庚发觉自己成就金仙的道路越加渺茫。
【编辑推荐】
这是每一个成年人应该重读的西游故事。
太白金星李长庚最近有点烦。天庭和西天联合推出了“西天取经”的重大项目，他受命策划九九八十一难，确保项目无虞。老神仙本以为一切尽在掌控中，谁知天大的麻烦才刚刚开始。
项目过程中，如何报销活动费用？如何写工作汇报？如何平衡不同上级的诉求？如何应对突发状况？如何解决人事纠纷？一系列问题在不改变经典著作《西游记》结局的基础上展开了丰富有趣的职场生态，即便李长庚锦囊无数，也不免常常陷入焦虑。
都说神仙要“超脱因果，太上忘情”，都说不要在职场里动感情，太白金星却说，“很多人间执念我们无法理解，但不代表那些痛苦就不存在。”即使得了“仙”“佛”之号，依旧抛不下一个人字，有人，就有抛不下的牵挂、因果与苦乐得失。
打碎无意义的追逐，才是真的得道。
延续《长安的荔枝》小开本双封设计，随书附10张著名画家施晓颉所绘创意插图。
【媒体推荐】
地下取经队伍降妖除魔百般威武，天上神界仙界各怀心思斗智斗勇。现代视角另类演绎西游故事，就算成仙也得讲究职场智慧。
——《收获》杂志",,276,https://img9.doubanio.com/view/subject/l/public/s34544956.jpg,https://book.douban.com/subject/36328704/
24257229,鼠疫,阿尔贝·加缪,法,上海译文出版社,"阿尔贝•加缪（1913—1960）是法国声名卓著的小说家、散文家和剧作家，“存在主义”文学的大师。1957年因“热情而冷静地阐明了当代向人类良知提出的种种问题”而获诺贝尔文学奖，是有史以来最年轻的诺奖获奖作家之一。
加缪在他的小说、戏剧、随笔和论著中深刻地揭示出人在异己的世界中的孤独、个人与自身的日益异化，以及罪恶和死亡的不可避免，但他在揭示出世界的荒诞的同时却并不绝望和颓丧，他主张要在荒诞中奋起反抗，在绝望中坚持真理和正义，他为世人指出了一条基督教和马克思主义以外的自由人道主义道路。他直面惨淡人生的勇气，他“知其不可而为之”的大无畏精神使他在第二次世界大战之后不仅在法国，而且在欧洲并最终在全世界成为他那一代人的代言人和下一代人的精神导师。",刘方,280,https://img2.doubanio.com/view/subject/l/public/s27003191.jpg,https://book.douban.com/subject/24257229/
34835082,一间只属于自己的房间,弗吉尼亚·伍尔夫,英,天津人民出版社,"1928年10月，伍尔夫在剑桥大学做了两场面向女性的演讲——“女性与小说”。之后她在此基础上撰写《一间只属于自己的房间》，并于1929年出版。
伍尔夫讲述了在男权社会中，女性生存的困境、历史对女性的偏见、女性面对的共同命运以及女性贫困对其创作的影响等问题；提出女性要认清自身的境遇，积极争取独立的经济力量和社会地位，独立思考，自由生活，发挥出女性的最大优势，成就自我。
“女性身上有一种高度发达的创造力，生来复杂且强大……她们的创造力和男性的极为不同。这种力量是几个世纪的严厉约束换来的，它不可替代，如果遭到遏制或者白白浪费，那绝对是一万个可惜。”",周颖琪,160,https://img1.doubanio.com/view/subject/l/public/s34848979.jpg,https://book.douban.com/subject/34835082/
35313227,刘擎西方现代思想讲义,刘擎,,新星出版社,人生的意义，人们向往的自由和公平的价值，人类文明的复杂冲突与未来趋势……这些让你困惑的大小问题，过去也困扰过韦伯、尼采、萨特等杰出的头脑。他们尽最大努力做出阐释，为后人提供了宝贵的思想标识。在这部讲义里，刘擎介绍了现代视域下的19位思想大家，广泛而系统地讨论工具理性的利弊，如何面对虚无主义，消费主义对人的异化，财富分配的公平正义和全球化等议题。思想不惑，精神明亮。你将在这19位大家的生平故事中，理解他们建构思想大厦的地基与框架。你还会在思想大厦之上，直面个人生活和社会公共领域的诸多难题，收获审慎而真诚的回答。,,384,https://img2.doubanio.com/view/subject/l/public/s33802981.jpg,https://book.douban.com/subject/35313227/
3211779,嫌疑人X的献身,东野圭吾,日,南海出版公司,"百年一遇的数学天才石神，每天唯一的乐趣，便是去固定的便当店买午餐，只为看一眼在便当店做事的邻居靖子。
靖子与女儿相依为命，失手杀了前来纠缠的前夫。石神提出由他料理善后。石神设了一个匪夷所思的局，令警方始终只能在外围敲敲打打，根本无法与案子沾边。石神究竟使用了什么手法？",刘子倩,251,https://img9.doubanio.com/view/subject/l/public/s3254244.jpg,https://book.douban.com/subject/3211779/
1139360,毛泽东选集 : 第一卷,毛泽东,,人民出版社,这部选集包括了毛泽东同志在中国革命各个时期中的重要著作，是按照中国共产党成立后所经历的各个历史时期并且按照著作年月次序而编辑的。本卷包括第一次国内革命战争时期和第二次国内革命战争时期的著作。,,340,https://img2.doubanio.com/view/subject/l/public/s1106951.jpg,https://book.douban.com/subject/1139360/
1089243,黄金时代 : 时代三部曲,王小波,,花城出版社,"《黄金时代》是《时代三部曲》之一。
这是以文革时期为背景的系列作品构成的长篇。发生“文化大革命”的二十世纪六七十年代，正是我们国家和民族的灾难年代。那时，知识分子群体无能为力而极“左”政治泛滥横行。作为倍受歧视的知识分子，往往丧失了自我意志和个人尊严。在这组系列作品里面，名叫“王二”的男主人公处于恐怖和荒谬的环境，遭到各种不公正待遇，但他却摆脱了传统文化人的悲愤心态，创造出一种反抗和超越的方式：既然不能证明自己无辜，便倾向于证明自己不无辜。于是他以性爱作为对抗外部世界的最后据点，将性爱表现得既放浪形骸又纯净无邪，不但不觉羞耻，还轰轰烈烈地进行到底，对陈规陋飞和政治偏见展开了极其尖锐而又饱含幽默的挑战。一次次被斗、挨整，他都处之坦然，乐观为本，获得了价值境界上的全线胜利。作者用一种机智的光辉烛照当年那种无处不在的压抑，使人的精神世界从悲惨暗淡的历史阴影中超拔出来。",,375,https://img3.doubanio.com/view/subject/l/public/s1076372.jpg,https://book.douban.com/subject/1089243/
5337254,孽子,白先勇,,广西师范大学出版社,白先勇唯一的一部长篇小说《孽子》，以同性恋为题材，全书共分为四章，依次是“放逐”、“在我们的王国里”、“安乐乡”、“那些青春鸟的行旅”，描写了上个世纪六七十年代生活在台北的一群为家庭所弃、为社会所遗的“孽子”。白先勇题记：“写给那一群，在最深最深的黑夜里，独自彷徨街头，无所依归的孩子们。”其中父子冲突的主题，亦令人印象深刻。,,552,https://img1.doubanio.com/view/subject/l/public/s6240330.jpg,https://book.douban.com/subject/5337254/
26545308,南京大屠杀 : 第二次世界大战中被遗忘的大浩劫,张纯如（Iris Chang）,美,中信出版社,"1937年12月，日军攻入中国古都南京。几周之内，30多万中国平民和士兵遭到有计划地强暴、折磨和屠杀——死亡人数超过广岛和长崎原子弹爆炸遇难人数的总和。
张纯如不仅在书中详述了日军疯狂暴行的细节，而且分析了在军国主义文化背景下成长起来的日本士兵对人类生命的漠视。张纯如对南京大屠杀的幸存者进行了大量采访，并首次发掘了许多重要文献。
全书先是从日本士兵、军官为什么完全脱离了人类基本的行为规范，日本学校和教科书从心理层面向学生灌输对中国人民的仇恨和蔑视，以及高度军事化的教育体制等多个方面阐述了南京大屠杀发生的根源性原因。
在这本书的核心篇章里，作者通过采访当事人、查阅档案资料以及实地考察与研究，极其详实地记录了日本军队残暴、灭绝人性的屠杀行动，深刻揭示了日本侵略军的凶残本性。同时，作者还生动记述了南京安全区里以德国商人约翰•拉贝、美国外科医生罗伯特•威尔逊、“南京活菩萨”明妮•魏特琳拯救中国人的英雄壮举。
最后，作者以悲愤的笔触揭露了世人所了解的南京大屠杀、日本占领下的南京、对日本战犯的审判、幸存者的命运等鲜为人知的情节。
这本书是关于这段恐怖历史的权威之作。",谭春霞 / 焦国林,316,https://img9.doubanio.com/view/subject/l/public/s28297426.jpg,https://book.douban.com/subject/26545308/
3183775,四世同堂,老舍,,北京十月文艺出版社,"值得每一代中国人阅读的文学经典，值得每一个中国人珍藏的民族记忆。老舍：它是我从事写作以来最长的、可能也是最好的一本书。入选《亚洲周刊》“二十世纪中文小说一百强”。
这是一部中国现代长篇小说经典名著，是老舍先生的代表作之一。
小说在卢沟桥事变爆发、北平沦陷的时代背景下，以祁家四世同堂的生活为主线，形象、真切地描绘了以小羊圈胡同住户为代表的各个阶层、各色人等的荣辱浮沉、生死存亡。作品记叙了北平沦陷后的畸形世态中，日寇铁蹄下广大平民的悲惨遭遇，那一派古老、宁静生活被打破后的不安、惶惑与震撼，鞭挞了附敌作恶者的丑恶灵魂，揭露了日本军国主义的残暴罪行，更反映出百姓们面对强敌愤而反抗的英勇无畏，讴歌、弘扬了中国人民伟大的爱国主义精神和坚贞高尚的民族气节，史诗般地展现了第二次世界大战期间，中国人民为世界反法西斯战争做出的杰出贡献，气度恢弘，可歌可泣。
老舍先生以深厚精湛的艺术功力和炉火纯青的小说技艺刻画了祁老人、瑞宣、大赤包、冠晓荷等一系列栩栩如生的艺术形象，展现了风味浓郁的北平生活画卷，至今传读不衰，历久弥新……",,590,https://img3.doubanio.com/view/subject/l/public/s3424257.jpg,https://book.douban.com/subject/3183775/
1083428,傲慢与偏见,奥斯丁,英,人民文学出版社,"《傲慢与偏见》是简·奥斯汀的代表作，是一部描写爱情与婚姻的经典小说。作品以男女主人公达西和伊丽莎白由于傲慢和偏见而产生的爱情纠葛为线索，共写了四起姻缘：伊丽莎白与达西、简与宾利、莉迪亚与威克姆、夏洛蒂与柯林斯。伊丽莎白、简和莉迪亚是贝内特家五个女儿中的三个姐妹，而夏洛蒂则是她们的邻居，也是伊丽莎白的朋友。男主人公达西与宾利是好友，且与威克姆一起长大，而柯林斯则是贝内特家的远房亲戚。
贝内特夫妇五个女儿待字闺中，没有子嗣，依照当时法律，他们死后家产须由远房内侄柯林斯继承，因此把五个女儿嫁到有钱人家，成了贝内特太太最大的心愿。宾利，一位未婚富家子弟，租赁了贝内特家附近的内瑟菲尔德庄园，成为众人注目的焦点和谈论的话题。不久，宾利就与美丽贤淑的大小姐简相爱了。宾利的朋友达西对聪明直率的二小姐伊丽莎白颇有好感，却因在一次舞会上出言不逊使伊丽莎白对他心存偏见。品行不端的威克姆告诉伊丽莎白，他是达西庄园已故总管的儿子，与达西一起长大，达西的父亲先前许诺给他的教职，被达西无端剥夺了。而达西则因为伊丽莎白的母亲及其他妹妹的缘故，劝说宾利中止与简的关系，结果四人不欢而散。威克姆对达西的诋毁，以及达西的劝说对简造成的伤害进一步加深了伊丽莎白对达西的偏见。
柯林斯为心安理得地继承财产，决定从贝内特家五个漂亮的女儿之中挑选一个“妻子”，于是向伊丽莎白求婚。遭到拒绝后，他马上转向尚未婚配急于找到“归宿”的夏洛蒂小姐，竟然得到应允。伊丽莎白应邀到新婚的柯林斯和夏洛蒂夫妇家中做客，不期遇见前来探望凯瑟琳夫人的达西。达西为伊丽莎白所倾倒，向她求婚，但因其言辞的傲慢，遭到伊丽莎白的愤然拒绝。同时，伊丽莎白指责达西对威克姆冷酷无情，更不应该破坏宾利同简的爱情。事后达西写信为自己申辩，令伊丽莎白的偏见逐渐消除。
伊丽莎白随舅父舅妈出游时经过达西的庄园，以为达西不在，进去参观，不料达西突然归来，伊丽莎白感到十分窘迫。然而，达西丝毫没有以往的傲慢，非常热情地接待了他们。此时，伊丽莎白突然接到家信，得知威克姆带着妹妹莉迪亚私奔了！匆忙回家后，全家一筹莫展，不料达西暗访到两人的行踪，出资促成他们的婚事并安排了他们的生活，为贝内特一家保全了尊严。此事使伊丽莎白与达西尽释前嫌，宾利也和简重修旧好，最后有情人终成眷属。",张玲 / 张扬,310,https://img3.doubanio.com/view/subject/l/public/s4250062.jpg,https://book.douban.com/subject/1083428/
1077847,史记（全十册）,司马迁 / （南朝宋）裴骃 集解 / （唐）司马贞 索隐 / （唐）张守节 正义,汉,中华书局,"史记是我国第一部通史。在史记之前，有以年代为次的“编年史”如春秋，有以地域为限的“国别史”如国语、战国策，有以文告档卷形式保存下来的“政治史”如尚书，可是没有上下几千年，包罗各方面，而又融会贯通，�络分明，像史记那样的通史。
唐刘知几的史通分叙六家，统归二体。所谓“二体”，就是“编年体”和“纪传体”，而史记是纪传体的创始。从此以后，历代的所谓“正史，从汉书到明史，尽管名目有改变（例如汉书改“书”为“志”，晋书改世家”为“载记”），门类有短缺（例如汉书无“世家”，后汉书、三国志等都无“表”、“志及世家”），但都有“纪”有“传”，绝无例外地沿袭了史记的体例。
据司马迁自序，史记全书本纪十二篇，表十篇，书八篇，世家三十篇，列传七十篇（包括太史公自序），共一百三十篇。今本史记一百三十卷，篇数跟司马迁自序所说的相符。但汉书司马迁传说其中“十篇缺，有录无书。三国魏张晏注：“迁没之后，亡景纪、武纪、礼书、乐书、兵书（按：即律书）、汉兴以来将相年表、日者传、三王世家、龟策列传、传靳列传。兀成之间，褚先生补缺，作武帝纪、三王世家、龟策、日者列传，言辞鄙陋，非迁本意也。可见司马迁编写史记，只能说是基本上完成，其中有若干篇，或者没有写定，或者已经定稿而后来散失了。",（索隐）司马贞，（正义）张守节,3356,https://img9.doubanio.com/view/subject/l/public/s1953384.jpg,https://book.douban.com/subject/1077847/
5337248,台北人,白先勇,,广西师范大学出版社,"作为20世纪中文小说100强的《台北人》，是一部深具复杂性的短篇小说集，由十四个一流的短篇小说构成，串联成一体，则效果遽然增加，不但小说之幅面变广，使我们看到社会之“众生相”，更重要的，由于主题命意之一再重复，与互相陪衬辅佐，使我们能更进一步深入了解作品之含义，并使我们得以一窥隐藏在作品内的作者之人生观与宇宙观。
《台北人》之人物，可以说囊括了台北都市社会之各阶层：从年迈挺拔的儒将朴公（《梁父吟》）到退休了的女仆顺恩嫂（《思旧赋》），从上流社会的窦夫人（《游园惊梦》）到下流社会的“总司令”（《孤恋花》）。有知识分子，如《冬夜》之余嵚磊教授；有商人，如《花桥荣记》之老板娘；有帮佣工人，如《那血一般红的杜鹃花》之王雄；有军队里的人，如《岁除》之赖鸣升；有社交界名女，如尹雪艳；有低级舞女，如金大班。这些“大”人物、“中”人物与“小”人物，来自中国大陆不同的省籍或都市（上海、南京、四川、湖南、桂林、北平等），他们贫富悬殊，行业各异，但没有一个不背负着一段沉重的、斩不断的往事。而这份“过去”，这份“记忆”，或多或少与中华民国成立到大陆沦陷那段“忧患重重的时代”，有直接的关系。",,392,https://img9.doubanio.com/view/subject/l/public/s4526465.jpg,https://book.douban.com/subject/5337248/
1205054,悲惨世界（上中下）,雨果,法,人民文学出版社,这是法国十九世纪浪漫派领袖雨果继《巴黎圣母院》之后创作的又一部气势恢宏的鸿篇巨著。全书以卓越的艺术魅力，展示了一幅自1793年法国大革命至1832年巴黎人民起义期间，法国近代社会生活和政治生活的辉煌画卷，最大限度地体现了雨果在叙事方面的过人才华，是世界文学史上现实主义与浪漫主义结合的典范。小说集中反映了雨果的人道主义思想，饱含了雨果对于人类苦难命运的关心和对末来坚定不移的信念，具有震撼人心的艺术感染力。,李丹 / 方于,1760,https://img9.doubanio.com/view/subject/l/public/s4521754.jpg,https://book.douban.com/subject/1205054/
1883245,诗经,孔丘 编订,,北京出版社,这本《诗经》收录全部305篇，每篇诗歌都配有相应的解释及译文，使读者更容易理解。,,363,https://img1.doubanio.com/view/subject/l/public/s2177629.jpg,https://book.douban.com/subject/1883245/
27002046,美丽新世界,奥尔德斯·赫胥黎,英,上海译文出版社,出版于一九三二年的《美丽新世界》是奥尔德斯•赫胥黎最杰出的代表作，是二十世纪最著名的反乌托邦文学经典之一，与奥威尔的《一九八四》、扎米亚京的《我们》并称为“反乌托邦”三部曲，在国内外文学界和思想界影响深远。这是一部寓言作品，展现了赫胥黎眼中的人类社会的未来图景：通过最有效的科学和心理工程，人类从遗传和基因上就已经被先天设计为各种等级的社会成员，完全沦为驯顺的机器，个性和自由被扼杀，文学艺术濒于毁灭。继《美丽新世界》这部寓言小说杰作之后，赫胥黎又于一九五八年出版了论著《重返美丽新世界》，在这部雄辩的作品中，作者运用其丰富的社会学和人类学知识，比较了现代社会与他在《美丽新世界》中所构想的寓言性图景的方方面面，像人口过剩、宣传和洗脑以及化学劝诱等，认为他早年悲观的预言正在成为现实。本书将赫胥黎这两部最经典的名著全部收入。,陈超,349,https://img9.doubanio.com/view/subject/l/public/s29477615.jpg,https://book.douban.com/subject/27002046/
25829693,永恒的终结 : 关于时间旅行的终极奥秘和恢宏构想,艾萨克·阿西莫夫,美,江苏凤凰文艺出版社,"24世纪，人类发明了时间力场。27世纪，人类在掌握时间旅行技术后，成立了一个叫做永恒时空（Eternity）的组织，在每个时代的背后，默默地守护着人类社会的发展。永恒时空以一个世纪为单位，并视每个世纪的发展需要而加以微调，以避免社会全体受到更大伤害。通过纠正过去的错误，将所有灾难扼杀在萌芽中，人类终于获得安宁的未来。然而，这种“绝对安全”的未来却在某一天迎来了终结。不知不觉中形成的因果链，仿佛从四面八方涌来的黑暗，即将吞噬全人类。
安德鲁·哈伦，生于95世纪，他是永恒时空的时空技师、人类未来社会的精英。他的天职是靠操纵时空壶，进行时间旅行来守护500亿人类，而在一次时空任务中，他邂逅了令他一见倾心的姑娘，而突然来到的爱情却让他开始质疑整个世界。
同时，人类最后的希望，也落在了时间旅行者安德鲁·哈伦最后的时空任务上……",崔正男,264,https://img2.doubanio.com/view/subject/l/public/s27409671.jpg,https://book.douban.com/subject/25829693/
26672693,一个叫欧维的男人决定去死,弗雷德里克·巴克曼,瑞典,四川文艺出版社,"来认识一下欧维，这个59岁的老头，脾气古怪，带着坚不可摧的原则、每天恪守的常规以及随时发飙的脾性在社区晃来晃去，被背地里称为“地狱来的恶邻”。他每天一大早就四处巡视，搬动没停进格线的脚踏车，检查垃圾是否按规定分类，抱怨谁家的草坪还不修剪，诅咒那只掉了毛的流浪猫。没完没了 。
他想自杀。
直到一个十一月的早晨，当一对话痨夫妇和他们的两个话痨女儿搬到隔壁，不小心撞坏了他的邮筒……
“读这个故事，”《人物周刊》说，“你会笑，你会哭，会因此想搬到北欧去，因为那里的一切都更可爱一些。”这个发生在瑞典的故事，如生命庆典般绚丽斑斓，它让我们思考，自己是谁，以及我们要如何过这一生。
有的人称它是《一个的朝圣》瑞典版，读者评价它“令人愉悦又心碎”“搞笑之余让你感动且哭得稀里哗啦”“读到一本好小说的感觉真好”！
它已被拍成电影（传送门：https://movie.douban.com/subject/26628357/），这里有一个愤怒的恪守常规的普通邻家老头，一对话痨夫妇和话痨女儿、这里有一只掉了毛的乱蓬蓬的倒霉猫，这是一场人与人之间的迷人相遇。",宁蒙,312,https://img1.doubanio.com/view/subject/l/public/s29071620.jpg,https://book.douban.com/subject/26672693/
1255624,神雕侠侣,金庸,,生活·读书·新知三联书店,《神雕侠侣》是金庸作品集之一。其主人公杨过自然而然地走上了非正统的人生道路，入了“道流”。其特点是“至情至性，实现自我”，即把个人的利益、情感、个性及人格尊严置于人生首位，作为首要目标，亦作为待人处事，评价是非的首要原则。书中将杨过对郭靖的杀父之仇与疼惜之恩难以取舍的复杂心理刻画得维妙维肖；他与“姑姑”小龙女的情感纠葛和他对江湖世事的渴望又令他挣扎不已……,有1996年11月北平第4次印本,1564,https://img9.doubanio.com/view/subject/l/public/s26018916.jpg,https://book.douban.com/subject/1255624/
35430425,流俗地,黎紫书,马来西亚,北京十月文艺出版社,"《亚洲周刊》2020年十大小说 华语文学的惊喜收获
王德威×王安忆 倾力推荐 “黎紫书为当代马华文学注入几分少见的温情”
《流俗地》以马来西亚锡都，被居民喊作“楼上楼”的小社会拉开序幕。讲述其中市井小民的俗务俗事，迂回曲折的情节，仿佛召唤生命中至关重要的小事。
在“楼上楼”的他们如风中之烛，看似脆弱实则强韧，一旦离开，便流落于人海各自漂流；仿佛走的那一日也意味着困境已渡，人生到了宽敞地，再不需要人相濡以沫。作者融合热带国度的风土民情、政治时局，人们追忆往事，每翻开一页象是自己被时光推到了局外，旁观着当年的自己。
这里的雨下得频繁，人生不少重要的事好像都是在雨中发生。那些记忆如今被掀开来感觉依然湿淋淋，即便干了，也像泡了水的书本，纸张全荡起波纹，难以平复。
马来锡都世俗小城里的平淡生活，数十年历史深处的一众卑微生命。
个人命运的创伤与徙家流落，不同族群关于各自民族的身份认同与情感交融。每一种悲凉的生存底色中，都高昂着人性的倔强。每一个个体的浮沉，都渗透着作者对历史饱含关怀的回望，对现实政治有距离的观望，对海外华人民族身份的复杂情结。",,476,https://img3.doubanio.com/view/subject/l/public/s33884123.jpg,https://book.douban.com/subject/35430425/
35031587,绝叫,叶真中显,日,北京联合出版公司,"罗翔老师推荐！“这本书深刻地揭示了日本的社会问题，日本40多年来社会变迁的各种缩影。”
豆瓣「2020年度读书榜单」推理·悬疑类top1！
怀才者的自怜是天鹅的挽歌， 平庸者的崩坏是野兽的绝叫。
-
★同名日剧位居豆瓣“2019评分最高日本剧集”榜单Top10
★日本现象级社会派推理小说
★长达四十年的恶女编年史
★绝对现实，却超乎想象！
-
【内容简介】
铃木阳子死了，死在独居的公寓里。正确说来，是铃木阳 子几个月前死了。因为发现她时，不但遗体遭到屋内的十一只猫啃食，连猫也全数饿死了。铃木阳子显然是「孤独死」的最佳范例，但这名女子为何落到这步田地？她的亲人、朋友、同事在哪里？她的人生轨迹又是如何？
-
【编辑推荐】
《绝叫》是日本新锐社会派推理作家叶真中显创作的推理小说，讲述了女主人公阳子在平庸懦弱的表象之下，隐密的跌宕、罪恶人生。该书揭露常被人们忽视的社会问题，深刻而引人深思，刻画人物思想的变化细腻而一针见血，以阳子的离奇经历，连缀了日本四十年来社会变迁的各种缩影，是日本近年来具有代表性的优秀推理小说。
该书在日本一经出版就引起极大反响，入围第68回日本推理作家协会奖、第36回吉川英治文学新人奖、第27回“这本推理小说了不起”大奖 、第12回书店大奖、第11回启文堂大奖、周刊文春年度推理小说榜。
后《绝叫》繁体版问世，使国内推理小说爱好者得以一探究竟。《绝叫》繁体版在豆瓣获得8.6的高评分，是少有的在有简体中文版之前就广受好评的外国小说。
2019年，根据《绝叫》改编的同名日剧播出，又获得了豆瓣逾万人点评、8.4分的好成绩，并入围豆瓣“2019评分最高日本剧集”榜单Top10。
2020年7月，《绝叫》简体中文版正式上市，以飨读者。",林佩瑾,440,https://img3.doubanio.com/view/subject/l/public/s33685372.jpg,https://book.douban.com/subject/35031587/
26171466,筚路维艰 : 中国社会主义路径的五次选择,萧冬连,,社会科学文献出版社,本书以简明清晰的文字对当代中国的历史轨迹做了逻辑梳理。作者认为，从执政党的建国方略、发展模式和基本政策角度考察，中国社会主义的实践路径经历了从实行新民主主义开始，途经仿效苏联模式、追寻赶超之路、发动继续革命和实行改革开放的五次历史选择。,,246,https://img1.doubanio.com/view/subject/l/public/s33986279.jpg,https://book.douban.com/subject/26171466/
3410718,美的历程,李泽厚,,生活·读书·新知三联书店,"本书是中国美学的经典之作。凝聚了作者李泽厚先生多年研究，他把中国人古往今来对美的感觉玲珑剔透地展现在大家眼前，如斯感性，如斯亲切。今配以精美的插图，本书就更具体地显现出中国这段波澜壮阔的美的历程。
《美的历程》是部大书（应该说是几部大书），是一部中国美学和美术史，一部中国文学史，一部中国哲学史，一部中国文化史。 　　　　 ——冯友兰
这样的著作能有多少呢？凤毛麟角吧，以十几万字的篇幅来完成这样一个”美的历程”，高屋建瓴，势如破竹，且能做到“天网恢恢，疏而不漏”，该细密处细密，该留连处留连，丝丝入扣，顺理成章，在看似漫不经心的巡礼中触摸到文明古国的心灵历史，诚非大手笔而不能为。
《美的历程》一书真是写得英姿勃发。才气逼人。单是标题，便气度不凡：龙飞凤舞。青铜饕餮。魏晋风度、盛唐之音，更不用说每过几页就有一段华彩乐章了。实际上，《美的历程》是可以当作艺术品来看待的。它充分地表现着李泽厚的艺术魁力。 　　　　 ——易中天",,217,https://img3.doubanio.com/view/subject/l/public/s3893343.jpg,https://book.douban.com/subject/3410718/
1013267,唐诗三百首,蘅塘退士 / 陈婉俊,,中华书局,《唐诗三百首》的旧注本亦有许多种，其中以陈婉俊的补注本简明精当，流行最广。她的注解除简介作者生平外，比较注重语词名物的诠释，博引旁征，字梳句栉，对今天的读者仍有一定的参考价值。,,229,https://img1.doubanio.com/view/subject/l/public/s1008848.jpg,https://book.douban.com/subject/1013267/
35966120,始于极限 : 女性主义往复书简,上野千鹤子 / [日] 铃木凉美,日,新星出版社,"“上野女士，您为何可以对男人不感到绝望？”
·
上野千鹤子×铃木凉美，最知名的女性主义先驱×最叛逆的人气作家
历时一年，十二次通信，每次一个主题
一场始于矛盾与冲突，通往理解与改变的对话：
“每翻一页，体温也随之攀升”
·
⚡上野千鹤子继《厌女》《从零开始的女性主义》后又一力作，首次坦诚从未透 露的过往
一个总能犀利切中要害的人，或许也曾被自己的刀锋所伤。上野坦言“我也走过了充满羞耻和失败的人生”
·
⚡恋爱与性、婚姻、男人、工作、独立、自由等，围绕12大主题聊透女性内心深处的愤怒与困境
每一位女性都是生活的幸存者，她们迷茫，她们反抗，她们故作坚强实则遍体鳞伤
·
⚡性别对立时代的希望之作：“上野女士，您为何可以对男人不感到绝望”
在女性主义遭污名化的当下，上野千鹤子予以强力回击：“我无意说‘反正男人已经无药可救了’。
·
⚡话题之作，横扫日本图书市场，“读了这本书，我想没有人不会成为女性主义者”
小说家花房观音诚挚推荐：“这本书能够拯救女性！”作家本岛理生盛赞：“每翻一页，体温也随之攀升。”
·
《始于极限》是女性主义先驱上野千鹤子与人气作家铃木凉美历时一年的通信。
青春期，上野千鹤子只身前往京都求学，只为逃离父亲与教会；同时期，铃木凉美为了反抗父母，一脚踏入出卖身体的世界。
大学时，上野参加轰轰烈烈的学生运动，却在战壕的另一侧目睹男生只把女生当作解决生理问题的工具；铃木就读于日本最好的私立大学，却要在夜世界寻求自身的价值。
学生时代结束，上野以独立女性自居，结果成了男人挥之即来招之即去的床伴；另一头的铃木开始书写夜世界的魅惑与肮脏，时常遭受来自女性的抨击与批判。
今天，上野已是日本女性学研究第一人，铃木则走到了夜世界的极限，在质疑过往、怀疑自己的同时，犹豫着下一步如何迈出。
她们相差35岁，走过了迥异的人生。在长达一年的通信中，她们围绕恋爱与性、婚姻、工作、独立、男人等话题，把话语的利剑刺向对方，也刺向了自己。
·
每翻一页，体温也随之攀升。铃木凉美的文字，一面极其冷静地自我分析，一面又混杂着活生生的真心话，隐现着无法否定的感情。——作家岛本理生
上野千鹤子解体了铃木凉美，也使得她得以摆脱母亲和男人的手，开始作为一个人生存。与此同时，这本书也是上野千鹤子向包括我在内的众多女性伸出的双手。这本书能够拯救女性。——小说家花房观音
从头到尾，我就像被钝器击中了一般。仿佛有人揪着我的衣领说，“喂！别给我装作没看见！”读了这本书，我想没有女性不会成为女性主义者。——亚马逊读者
我深感女人生存如何艰难。即便如此，读完这本书后，我觉得身为女人果然还是一种福音。——国际政治学家三浦瑠丽",曹逸冰,304,https://img9.doubanio.com/view/subject/l/public/s34300626.jpg,https://book.douban.com/subject/35966120/
2143732,灿烂千阳,卡勒德·胡赛尼,美,上海人民出版社,"私生女玛丽雅姆在父亲的宅院门口苦苦守候，回到家却看到因绝望而上吊自杀的母亲。那天是她十五岁的生日，而童年嘎然而止。玛丽雅姆随后由父亲安排远嫁喀布尔四十多岁的鞋匠拉希德，几经流产，终因无法生子而长期生活在家暴阴影之下。
十八年后，少女莱拉的父母死于战火，青梅竹马的恋人也在战乱中失踪，举目无亲的莱拉别无选择，被迫嫁给拉希德。两名阿富汗女性各自带着属于不同时代的悲惨回忆，共同经受着战乱、贫困与家庭暴力的重压，心底潜藏着的悲苦与忍耐相互交织，让她们曾经水火不容，又让她们缔结情谊，如母女般相濡以沫。然而，多年的骗局终有被揭穿的一天……
她们将做出如何的选择？她们的命运又将何去何从？
关于不可宽恕的时代，不可能的友谊以及不可毁灭的爱。《灿烂千阳》再次以阿富汗战乱为背景，时空跨越三十年，用细腻感人的笔触描绘了阿富汗旧家族制度下苦苦挣扎的妇女，她们所怀抱的希望、爱情、梦想与所有的失落。",李继宏,428,https://img9.doubanio.com/view/subject/l/public/s2651394.jpg,https://book.douban.com/subject/2143732/
1027191,历史深处的忧虑 : 近距离看美国之一,林达,,生活·读书·新知三联书店,"美国的面积和中国差不多。和大多数留学生及新移民一样，当我们一脚踏上这块广袤的陌生土地时，最初落脚点的选择是十分偶然的。我们落在了一个普通的地方，居住的环境平常而宁静。周围的美国人老老少少都在辛勤劳作，过着普通得不能再普通的生活。要想谋出一番好的光景，对他们也不是一件轻而易举的事情。
还来不及作任何思索，新移民所面临的生活压力就立即把我们投入了同样的辛勤劳作之中。这样，我们和周围的普通美国人之间，自然就有了共同谋生而产生的共同语言，也有了共同的经历，共同的喜怒哀乐。不少美国人还成了我们的好朋友。我们无形中发现，美国已经渐渐地从一堆抽象的概念中走出来，变成了脚下实实在在的土地，变成了一片片森林牧场，变成了一个一个美国人。
我们也有过被称之为“边缘人”的苦闷。我们显然不可能在进入这一块国土的同时，就在一瞬间也进入它的文化，而原来的文化背景又由于天长地远而渐显陌生。在实际生活中，两种截然不同的文化，会经常骤然直率地在我们面前相遇碰撞，一开始真有无所适从亦无可躲避的窘迫。然而，时间长了，我们开始对“边缘人”的处境逐渐坦然，甚至悟出了些什么。冷静下来，我们发现自己第一次能够这样坐在一个安静的地方，同时和两个文化保持一个不远也不近的距离，它们不仅开始有可能化为一片风景，而且第一次向我们呈现出前所未有的意义。
“边缘人”的苦恼在新移民中十分普遍，它只是两个强势文化聚焦在一个小人物身上而产生的悲剧性效应。我们庆幸自己能够脱身出来。但是，我们的处境使我们不可能不想到，作为一个夹缝中的移民，尚且感受到矛盾与压力，那么，当这两种文化两个大国真的正面遭遇，彼此实际上是多么陌生和困惑，说是危机四伏似乎也并不过分。我们所处的位置，使我们有可能更多地看到它们的差异。我们发现，它们不仅有各自圆满的价值体系，甚至有各自不同的语汇、语境和逻辑。有时，从一个大前提出发，顺着各自的逻辑走去，竟会走出风马牛不相及的结果来。在这样的基础上，对话只可能显得痛苦而吃力。
因此，好像在作出举手相迎或严辞相拒的决定之前，还有一段相当艰苦而漫长的互相了解的路必须去走。否则，轻易称“是”显得没有根据，动辄言“不”也容易文不对题。更何况，历史已经规定了它们不可能永远回避。它们都已尝试过这样做，但是，眼看着毫无结果，于是，它们又试图相互走近。有时，如果不暂时和自己的习惯思维方式生生拉开一段距离，就无法在相互了解的路上走出一步。
我们则是以一个普通新移民的身份去了解这个陌生的国家。既来之则安之，这也是我们的必由之路，我们也别无选择。
美国不是一个善于遮羞的国家，它投出一片阳光，就落下一片阴影。它全部的阴影都毫无遮掩地暴露在所有的人面前，哪怕你是一个陌生人。所以，即使是像我们这样的平常外来者，也会一眼就看出～大堆毛病来。但是我们马上就明白自己必须从沾沾自喜中醒来，因为后来很快发现，这并不见得就～定是自己比美国人更高明且目光更敏锐。他们似乎也很清楚有这么一片阴影，他们只是迫不得已在承认一个简单的道理，如果你追求阳光，你就躲不开身后的阴影。我们开始奇怪，美国人在容忍这片阴影的时候(这种容忍常常使他们痛苦不堪)，什么是他们心中不熄的光明呢?他们在寻求着什么，以至于不惜支付出沉重的代价呢?对于我们，这真是一个问题。在了解它的过程中，我们对这个历史短短的陌生国家产生了与日俱增的兴趣。
根据自己作为一个平民的经验，我们发现，了解的第一步就是简单的交往。不论一个大国看上去有着多么坚硬的外壳，它的人民都是一个个平平常常，而再大的大国也就是这些平常人组成的。当人民成为朋友，交流变成友谊，相互了解自然就开始了。任何一方，能以更宽广的视角去看这个世界， 总是一件好事情。
去年，我们逐渐给自己在国内的好朋友写了这些信。希望能和朋友们分享我们的所读所见所闻所思。在此，衷心感谢三联书店的编辑和所有帮助这本书出版的朋友。",,320,https://img9.doubanio.com/view/subject/l/public/s1768916.jpg,https://book.douban.com/subject/1027191/
1467022,上帝掷骰子吗 : 量子物理史话,曹天元,,辽宁教育出版社,"《上帝掷骰子吗》这本书是关于量子论的故事。量子论是一个极为奇妙的理论：从物理角度来说，它在科学家中间引起了最为激烈的争议和关注；从现实角度来说，它给我们的社会带来了无与伦比的变化和进步；从科学史角度来说，也几乎没有哪段历史比量子论的创立得到了更为彻底的研究。然而不可思议的是，它的基本观点和假说至今没有渗透到大众的意识中去，这无疑又给它增添了一道神秘的光环。
这本书带读者做一次量子之旅，从神话时代出发，沿着量子发展的道路，亲身去经历科学史上的乌云和暴雨，追逐流星的辉光，穿越重重迷雾和险滩，和最伟大的物理学家们并肩作战。除了回顾基本的历史背景，还将向着未来探险，去逐一摸索量子论面前的不同道路，闯入人迹罕至的未知境地，和先行者们一起开疆扩土。让人惊叹的，不仅仅是沿途那令人眼花缭乱的绚丽风景，更来自于人内心深处的思索和启示——那是科学深植在每个人心中不可抗拒的魅力。
这本书适合任何有中学基本物理概念的读者。",,369,https://img9.doubanio.com/view/subject/l/public/s1486674.jpg,https://book.douban.com/subject/1467022/
36457094,明亮的夜晚,崔恩荣,韩,台海出版社,"我有一个愿望，想写一写妈妈或祖母，很久以前生活在这片土地上的女性的故事。
一部女性版的《活着》，四代女性的友谊、抗争、泪水与欢笑
韩国最大网络书店22万读者票选“2021年度之书”
第29届大山文学奖获奖作，天才作家崔恩荣首部长篇小说！
女人们不再是仅供同情、怜悯的角色，也不再是装饰男人壮丽生活的配角。
她们是自己，生如草芥，彼此搀扶，尽全身之力对抗荒诞的时代。
-------------------
和丈夫离婚后，三十一岁的我独自来到海边小城熙岭，却在那里邂逅多年未见的祖母。尴尬和沉默之后，孤独的心一点点靠近，我和祖母成为相互倾吐心声的朋友。在祖母家老屋的旧相册里，我发现一位和我长相非常相似的女子，依偎在少女时代的祖母身旁。
一个个鲜活的面孔逐渐从一张张黑白相片中，从一封封感人至深的书信中，从久远的回忆里，穿过女人生如飘萍、命如草芥的时代，走到我面前。
经过曾祖母、祖母和母亲，来到我身边的故事，
她们的人生在我的眼前重现。
现在的我能够触及她们吗?
正如过去无数的我组成了现在的我，
现在的我也能见到过去的无数个我吗？",叶蕾,296,https://img3.doubanio.com/view/subject/l/public/s34577743.jpg,https://book.douban.com/subject/36457094/
1060852,呼兰河传 : 1947年版本・原版珍藏,萧红,,百花文艺出版社,"萧红，中国现代著名女作家。1911年6月2日生于黑龙江呼兰县，1942年1月22日病殁香港。原名张迺莹，笔名萧红、悄吟等。幼年丧母，父亲性格暴戾，她只有从年迈的祖父那里享受到些许人间温暖，寂寞的童年形成了萧红性格中孤独、敏感、矜持而又倔强的一面。
1927年到哈尔滨读中 学，接触了五四以来的进步思想和中外文学，对绘画和文学产生了浓厚兴趣。由于对封建家庭和包办婚姻不满，1930年秋离家出走，几经颠沛流离。1932年秋与萧军同居，结识了一些进步文化人，1933年开始文学创作，同年10月与萧军自费出版了第一本作品合集《跋涉》。萧红的早期创作多取材于城市失业者或贫苦农民生活，被认为带有鲜明的现实主义的进步倾向。1934年春“两萧”取道大连流亡至青岛，萧红在很短的时间内完成了中篇小说《生死场》。同年11月“两萧”到达上海。在鲁迅的支持和帮助下，1935年12月《生死场》被列为“奴隶丛书”之三出版，鲁迅为之作序，称赞其所描写的：“北方人民的对于生的坚强，对于死的挣扎，却往往已经力透纸背；女性作者的细致的观察和越轨的笔致，又增加了不少明丽和新鲜。”它以沦陷前后的东北农村为背景，真实地反映了农民尤其是农村底层妇女的艰难生存状况，描述了他们的觉醒与抗争。《生死场》使萧红在30年代文坛上崭露头角。这一时期萧红还写作了大量的短篇小说与散文，并结集出版了《商市街》、《桥》等作品集。
1936年7月，为摆脱精神上的苦闷，萧红只身东渡日本，同年年末返回上海。抗战爆发后即辗转汉口、临汾、西安、重庆等地。1938年8月与萧军离异，与端木蕻良结合。此年被视为萧红创作前后两期的分界。1940年春与端木同抵香港。此时的中篇小说《马伯乐》以犀利的笔锋表现了幽默和讽刺才能；具有独特艺术风格的长篇小说《呼兰河传》则被茅盾称为是“一篇叙事诗，一幅多彩的风土画，一串凄婉的歌谣”。同时，它又表达了对国民团体盲目、愚昧、麻木、残忍等等劣根性的忧愤和悲悯，被越来越多的后人认为是继鲁迅之后对国民心态的开掘和批判的力作。这一时期萧红的创作在艺术上日趋成熟和辉煌，然而她的病体却日渐不支，太平洋战争爆发后在战火纷飞中被病魔夺去了生命，年仅31岁。
在短短的8年创作生涯中，萧红留下了60万字的文学财富，她的作品乡土气息浓烈，叙事风格细腻深刻、委婉动人，尤其是在小说文体上作出了很大的创新。海内外许多文学批评家认为，萧红以自己的女性之躯跋涉过漫长的道路，以女性的目光一次次透视历史，终于站到了与鲁迅同一的高度，达到了同一种对历史、文明以及国民灵魂的了悟。",,271,https://img1.doubanio.com/view/subject/l/public/s1167060.jpg,https://book.douban.com/subject/1060852/
1007914,窗边的小豆豆,黑柳彻子 著 / 岩崎千弘 图,日,南海出版公司,《窗边的小豆豆》讲述了作者上小学时的一段真实的故事。作者因淘气被原学校退学后，来到巴学园。在小林校长的爱护和引导下，让一般人眼里“怪怪”的小豆豆逐渐成了一个大家都能接受的孩子，并奠定了她一生的基础。这本书不仅带给世界几千万读者无数的笑声和感动，而且为现代教育的发展注入了新的活力。,赵玉皎,288,https://img2.doubanio.com/view/subject/l/public/s1067911.jpg,https://book.douban.com/subject/1007914/
26734559,棋王·树王·孩子王 : 阿城文集 之一,阿城,,江苏凤凰文艺出版社,"此次出版的是阿城先生亲自编订的最新版本，增添了许多以往版本所不具备的内容。
内容包括以往版本都有的《棋王》《树王》《孩子王》三篇中篇小说，以及以往版本所不具备的画家曹力为作者画的漫画像，还包括以往各版本（意大利文版、日文版、旧简体版、台湾繁体版）的序言。",,179,https://img3.doubanio.com/view/subject/l/public/s28688273.jpg,https://book.douban.com/subject/26734559/
1029111,哭泣的骆驼,三毛,,哈尔滨出版社,在《哭泣的骆驼》中，三毛依然恋恋着墨沙漠生活周遭的人与事，《收魂记》、《搭车客》、《逍遥七岛游》、《一个陌生人的死》、《大胡子与我》等篇，情趣盎然；《沙巴军曹》与《哑奴》所刻画的主角，给人留下了难以磨灭的印象；而压轴的《哭泣的骆驼》，以游击战事为背景，细细铺写一对沙漠情鸳的生死盟，竟犹如史诗般的磅礴。,,222,https://img9.doubanio.com/view/subject/l/public/s1020454.jpg,https://book.douban.com/subject/1029111/
26576861,最好的告别 : 关于衰老与死亡，你必须知道的常识,阿图·葛文德（Atul Gawande）,美,浙江人民出版社,"当独立、自助的生活不能再维持时，我们该怎么办？在生命临近终点的时刻，我们该和医生谈些什么？应该如何优雅地跨越生命的终点？对于这些问题，大多数人缺少清晰的观念，而只是把命运交由医学、技术和陌生人来掌控。影响世界的医生阿图•葛文德结合其多年的外科医生经验与流畅的文笔，讲述了一个个伤感而发人深省的故事，对在21世纪变老意味着什么进行了清醒、深入的探索。本书富有洞见、感人至深，并为我们提供了实用的路线图，告诉我们为了使生命最后的岁月有意义，我们可以做什么、应该做什么。
作者选择了常人往往不愿面对的话题——衰老与死亡，梳理了美国社会养老的方方面面和发展历程，以及医学界对末期病人的不当处置。书中不只讲述了死亡和医药的局限，也揭示了如何自主、快乐、拥有尊严地活到生命的终点。书中对“善终服务”“辅助生活”“生前预嘱”等一系列作者推崇的理念，都穿插在故事中作出了详尽的说明，相信会给老龄化日益加剧的中国社会以启迪。
众多专家、媒体推荐。创新工场CEO李开复：作为一名医生，阿图•葛文德关注的是医疗的局限以及人的尊严。作为凡人，我们都将面对人生的终点，《最好的告别》给我们重要的启示。《新知》杂志主编苗炜：希望大家有机会能看看阿图•葛文德医生的著作，他能帮助我们更好地理解医学，知道医学的局限和可能。畅销书作家马尔科姆•格拉德威尔：这是阿图•葛文德最有力，也最感人的一本书。《自然》杂志：难得读到这样一本发人深省的书。
[编辑推荐]
亚马逊年度好书、《纽约时报》畅销书。
人终有一死，如何向死而生。“全球十大思想家”、美国著名外科医生划时代之作。
奥巴马、李开复、余华、刘瑜、苗炜力荐。
湛庐文化出品。",王一方 主编 / 彭小华,248,https://img3.doubanio.com/view/subject/l/public/s28260907.jpg,https://book.douban.com/subject/26576861/
10522856,冬牧场,李娟,,新星出版社,"文坛清新之风，阿勒泰的精灵
李娟首部长篇纪实散文力作
四个月、零距离、全程记述哈萨克民族冬牧场的点点滴滴！
春天接羔，夏天催膘，秋天配种，冬天孕育。羊的一生是牧人的一年，牧人的一生呢？这绵延千里的家园，这些大地最隐秘微小的褶皱，这每一处最狭小脆弱的栖身之地……青春啊，财富啊，爱情啊，希望啊，全都默默无声。 ——李娟
2010年冬天，李娟跟随一家熟识的哈萨克牧民深入阿勒泰南部的冬季牧场、沙漠，度过了一段艰辛迥异的荒野生活。李娟是第一位描写哈萨克民族冬牧生活的汉族作家，她以饱含深情又不失节制的文字，呈现出阿尔泰最后一批“荒野主人”冬季转场时的独特生存景观。",,320,https://img2.doubanio.com/view/subject/l/public/s8958901.jpg,https://book.douban.com/subject/10522856/
35272817,西线无战事,埃里希·玛丽亚·雷马克,德,上海文艺出版社,"“我们才刚开始热爱生活，却不得不对这一切开炮。”
《悉达多》《人类群星闪耀时》译者、翻译家姜乙新译作，1929年德语原版直译。
6000字译后记，特别收录雷马克未经发表手稿。
青年保罗·博伊默尔、钳工加登、始终随身带着课本的米勒、头脑最清醒的下士克罗普、挖煤工海尔·维斯胡斯、农民德特林，以及斯坦尼斯劳斯·卡钦斯基们，经过十周的军事训练后，被送往前线。1918年，这个班的最后一人也于前线阵亡。而军队指挥部战报上的记录仅有一句：西线无战事。",姜乙,248,https://img1.doubanio.com/view/subject/l/public/s33779178.jpg,https://book.douban.com/subject/35272817/
27104959,离开的，留下的 : 那不勒斯四部曲3,埃莱娜·费兰特,意,人民文学出版社,"两个女人 50年的友谊和战争
那不勒斯四部曲NO.3
全球畅销近千万册 被翻译成40多种语言
“我希望她在场，这是我写作的目的。”
《我的天才女友》《新名字的故事》 后续，
意大利最神秘的作家费兰特（Elena Ferrante）
探索中年的虚无、困惑、野心和近乎残暴的爱
《离开的，留下的》 是埃莱娜·费兰特的“那不勒斯四部曲”的第三部，聚焦“我”（埃莱娜）和莉拉躁动、紧密相依的中年。
“我”在未婚夫彼得罗一家人的帮助下，出版了第一本小说，享受着成功的喜悦，而留在那不勒斯的莉拉却身陷贫困而卑贱的工厂生活。“我”像个骑士一样，再度介入莉拉的生活，并动用丈夫一家人的关系，让莉拉和恩佐的生活有了转机——他们成了那不勒斯地区最早学习、掌握计算机技术的人，他们顽强、坚韧的学习能力让他们开始积累了巨大的财富。
我和莉拉之间再次胜负难辨。婚后的“我”开始面临自己的创作危机，而平静的、中产阶级式的婚姻也令“我”疲惫不堪。对社会变革颇为冷淡的彼得罗希望“我”放弃作家的身份，而“我”在扮演“母亲”、“妻子”这些角色时，总是避免不了内心的分裂、紧张。
莉拉对“我”的新作品的指责更是让我产生彻底的自我怀疑：我接受的教育和拥有的知识是否只是让我的作品徒有其表，没有真正的思想，也永远无法拥有莉拉近乎粗野的表达中那些令人不安的真相。直到有一天，“我”丈夫突然将尼诺带回了家……",陈英,417,https://img2.doubanio.com/view/subject/l/public/s29535271.jpg,https://book.douban.com/subject/27104959/
